-- Making sure there are no previous tables
DROP TABLE IF EXISTS Hold CASCADE;
DROP TABLE IF EXISTS Fine CASCADE;
DROP TABLE IF EXISTS Transactions CASCADE;
DROP TABLE IF EXISTS DigitalMedia CASCADE;
DROP TABLE IF EXISTS Book CASCADE;
DROP TABLE IF EXISTS Copy CASCADE;
DROP TABLE IF EXISTS Item CASCADE;
DROP TABLE IF EXISTS Genre CASCADE;
DROP TABLE IF EXISTS Author CASCADE;
DROP TABLE IF EXISTS Publisher CASCADE;
DROP TABLE IF EXISTS LibraryMember CASCADE;
DROP TABLE IF EXISTS SystemAdministrator CASCADE;
DROP TABLE IF EXISTS LibraryStaff CASCADE;
DROP TABLE IF EXISTS AppUser CASCADE;
DROP TABLE IF EXISTS Computer_Activity CASCADE;


-- Anna
CREATE TABLE AppUser(
    User_ID INT PRIMARY KEY,
    First_Name VARCHAR(255) NOT NULL,
    Last_Name VARCHAR(255) NOT NULL,
    Email VARCHAR(255) NOT NULL,
    Address_Number VARCHAR(255) NOT NULL,
    Phone_Number VARCHAR(255) NOT NULL
);

CREATE TABLE LibraryStaff (
    Staff_ID INT PRIMARY KEY,
    Salary INT NOT NULL,
    Position_Name VARCHAR(255) NOT NULL,
    Position_Type VARCHAR(255) NOT NULL,
    FOREIGN KEY (Staff_ID) REFERENCES AppUser(User_ID)
);


CREATE TABLE SystemAdministrator (
    Staff_ID INT PRIMARY KEY,
    Managees VARCHAR(255),
    FOREIGN KEY (Staff_ID) REFERENCES AppUser(User_ID)
);



--Library Member
CREATE TABLE LibraryMember (
    LibraryMember_ID INT PRIMARY KEY,
    Items_CheckedOut INT NOT NULL,
    Date_Joined DATE NOT NULL,
    Outstanding_Balance DECIMAL(5,2) DEFAULT 0.00 NOT NULL CHECK(Outstanding_Balance >= 0),
    Sex CHAR(1) NOT NULL CHECK (Sex IN ('M','F','O')),
    DOB DATE NOT NULL,
    Status VARCHAR(20) NOT NULL,
    FOREIGN KEY(LibraryMember_ID) REFERENCES AppUser(User_ID) 
);

-- Hart



--Publisher

CREATE TABLE Publisher(
    Publisher_ID INT PRIMARY KEY,
    Name VARCHAR(255) NOT NULL
);
--Author
CREATE TABLE Author(
    Author_ID INT PRIMARY KEY,
    first_name VarCHAR(255) NOT NULL,
    last_name VarCHAR(255) NOT NULL
);
--genre
CREATE TABLE Genre(
    Genre_ID INT PRIMARY KEY,
    Name VARCHAR(255) NOT NULL
);
-- Kaden
CREATE TABLE Item (
    Item_ID INT PRIMARY KEY,
    ISBN CHAR(13) NOT NULL,
    Title VARCHAR(255) NOT NULL,
    Publication_Year INT NOT NULL,
    Publisher_ID INT NOT NULL,
    Genre_ID INT NOT NULL,
    Quantity INT DEFAULT 0,
    Author_ID INT NOT NULL,
    FOREIGN KEY (Publisher_ID) REFERENCES Publisher(Publisher_ID),
    FOREIGN KEY (Genre_ID) REFERENCES Genre(Genre_ID),
    FOREIGN KEY (Author_ID) REFERENCES Author(Author_ID)
);

--Copy
CREATE TABLE Copy(
    Copy_ID INT PRIMARY KEY,
    Item_ID INT NOT NULL,
    Status VARCHAR(255) NOT NULL,
    FOREIGN KEY (Item_ID) REFERENCES Item(Item_ID)
);

CREATE TABLE Book (
	Item_ID INT PRIMARY KEY,
    Quantity_Available INT NOT NULL,
    FOREIGN KEY (Item_ID) REFERENCES Item(Item_ID) 
);

CREATE TABLE DigitalMedia (
	Item_ID INT PRIMARY KEY, 
	Medium VARCHAR(225) NOT NULL, 
    Quantity_Available INT NOT NULL,
    FOREIGN KEY (Item_ID) REFERENCES Item(Item_ID)
);

-- Sriya

--Transactions NOTE: NEED Plural because else its a keyword
CREATE TABLE Transactions (
    Transaction_ID INT PRIMARY KEY,
    Copy_ID INT NOT NULL,
    User_ID INT NOT NULL,
    Date_CheckOut DATE NOT NULL,
    Due_Date DATE NOT NULL,
    Num_Renewals INT NOT NULL,
    Return_Date DATE,
    FOREIGN KEY (Copy_ID) REFERENCES Copy(Copy_ID),
    FOREIGN KEY (User_ID) REFERENCES AppUser(User_ID)
);

--Amount
CREATE TABLE Fine (
    Fine_ID INT PRIMARY KEY,
    User_ID INT NOT NULL,
    Copy_ID INT NOT NULL,
    Amount DECIMAL(5,2) NOT NULL CHECK (Amount >= 0),
    Transaction_ID INT NOT NULL,
    FOREIGN KEY (User_ID) REFERENCES AppUser(User_ID),
    FOREIGN KEY (Copy_ID) REFERENCES Copy(Copy_ID),
    FOREIGN KEY (Transaction_ID) REFERENCES Transactions(Transaction_ID)
);

-- Audrey
--Hold
CREATE TABLE Hold(
    Hold_ID INT PRIMARY KEY,
    User_ID INT NOT NULL,
    Copy_ID INT NOT NULL,
    Hold_Date DATE NOT NULL,
    Expiration_Date DATE NOT NULL,
    Status VARCHAR(255) NOT NULL,
    FOREIGN KEY (Copy_ID) REFERENCES Copy(Copy_ID),
    FOREIGN KEY(User_ID) REFERENCES LibraryMember(LibraryMember_ID)

);


CREATE TABLE Computer_Activity(
    Computer_ID INT NOT NULL,
    User_ID INT NOT NULL,
    Login_Time TIMESTAMP,
    Logout_Time TIMESTAMP,
    FOREIGN KEY(User_ID) REFERENCES AppUser(User_ID),
    PRIMARY KEY (Computer_ID, Login_Time)
);

--INSERTING DATA

--Inserting into User
INSERT INTO AppUser(User_ID, First_Name, Last_Name, Email, Address_Number, Phone_Number) VALUES
(1, 'Bryan', 'Johnson', 'anthony64@mcdowell.com', '09428 Hernandez Locks Suite 380, East Barryshire, MS 80347', '(001)073-0354'),
(2, 'Vickie', 'Allison', 'tonya51@yahoo.com', '1735 Jason Ports, Greenshire, DE 41204', '(196)800-9762'),
(3, 'Joshua', 'Williams', 'sharonperez@larson-hamilton.com', '1008 Jennings Light Suite 703, New Elizabethhaven, WV 05988', '(871)988-8590'),
(4, 'Benjamin', 'Gallagher', 'johnsonbrandy@welch.com', 'PSC 7679, Box 9996, APO AE 59534', '(001)188-9925'),
(5, 'Robert', 'Jefferson', 'wallacedebra@yahoo.com', '2899 Martin Street Apt. 876, Jacobfort, ME 07346', '(131)263-6589'),
(6, 'Anna', 'Howe', 'laurawilcox@hotmail.com', '1673 Ashley Fall, North Taraland, MS 15318', '(212)617-5770'),
(7, 'Gabriel', 'Black', 'sean27@yahoo.com', '2614 Ann Gateway Suite 485, East Allenville, IL 35120', '(144)909-7517'),
(8, 'Amber', 'Thomas', 'vcook@yahoo.com', '90378 Roy Greens, Haroldberg, NY 34011', '(001)192-9224'),
(9, 'Beverly', 'Jones', 'joshuahart@gmail.com', '221 Alyssa Rapid Apt. 302, South Travis, MI 72344', '(194)708-3783'),
(10, 'Jonathan', 'Thompson', 'donna98@dixon.com', '48415 Jennifer Crossing, Port Kristineton, OR 09295', '(794)195-2477'),
(11, 'Joyce', 'Dickson', 'montgomeryanthony@frazier.com', '8682 Jones Village Apt. 559, Port Lindsey, ID 01406', '(439)072-1907'),
(12, 'Joseph', 'King', 'darren83@rodriguez.org', '5743 Mack Terrace Suite 891, South Ryanburgh, SC 59556', '(798)995-6841'),
(13, 'Douglas', 'Burns', 'jo60@alexander.org', '78930 Sanchez Village, South Patriciaburgh, KS 37560', '(641)905-9136'),
(14, 'Derek', 'White', 'gbaker@davis.com', '62075 Erik Glen, Kevinburgh, LA 40873', '(245)841-8225'),
(15, 'Scott', 'Martin', 'tiffany21@hotmail.com', '861 Justin Heights Suite 264, Port Madisonberg, AL 10289', '(994)434-7998'),
(16, 'Ann', 'Carroll', 'manntrevor@hotmail.com', 'Unit 3205 Box 3013, DPO AE 14060', '(142)637-1125'),
(17, 'Brent', 'Becker', 'chelsea16@jackson.com', '543 Patrick Spur Apt. 451, Richborough, GA 85017', '(487)280-7451'),
(18, 'Robert', 'Gomez', 'susanbutler@gmail.com', '289 Jones Ford, Aliciabury, MI 49837', '(554)305-5351'),
(19, 'Paul', 'Campbell', 'angela53@cunningham.com', '9964 Brandon Street Suite 672, North Kaylamouth, AR 19629', '(005)179-2076'),
(20, 'Michael', 'Fuentes', 'watsonmelissa@yahoo.com', '5963 Rogers Drive Suite 439, Fischerport, CA 97120', '(128)003-2808'),
(21, 'Travis', 'Spencer', 'jeffrey96@moreno.com', '3033 Gonzalez Mission Apt. 272, Moralesshire, TN 35215', '(101)328-0151'),
(22, 'James', 'Obrien', 'dawn20@yahoo.com', '74597 Reyes Streets Suite 487, Bartlettville, TX 86404', '(121)096-6705'),
(23, 'Kristen', 'Hansen', 'ohopkins@yahoo.com', 'Unit 3379 Box 1123, DPO AA 73445', '(863)218-7605'),
(24, 'Melody', 'Bennett', 'avilajimmy@duncan.org', '874 Cruz Spurs Suite 081, North James, NY 79680', '(979)675-1602'),
(25, 'Nicholas', 'Stone', 'strongsonya@yahoo.com', '863 Amanda Streets, Rhondastad, AR 44228', '(519)923-3729'),
(26, 'Sandy', 'Perez', 'donnacross@gmail.com', 'Unit 9701 Box 5599, DPO AE 75478', '(001)393-7688'),
(27, 'Clifford', 'Williams', 'scottjohn@white.net', '19991 Fry Fords Suite 808, Pinedaberg, AL 21741', '(235)471-1233'),
(28, 'Zachary', 'Serrano', 'austinjimenez@gmail.com', '99923 Taylor Field, New Angela, RI 26549', '(125)619-4215'),
(29, 'Michael', 'Lopez', 'mirandaedwards@whitehead-santos.com', '778 Ronald Meadow Suite 788, Nicholasville, KS 67551', '(151)072-5360'),
(30, 'William', 'Thomas', 'patriciakeller@moore.com', '0613 Johnson Knoll, Martinport, NE 98815', '(104)125-0284'),
(31, 'Monique', 'Tate', 'hrivera@hotmail.com', 'Unit 4425 Box 7274, DPO AP 41523', '(149)026-7522'),
(32, 'Nicole', 'Anderson', 'fsummers@ortiz.com', '66737 Matthew Passage, Adamsside, WV 33669', '(122)090-9087'),
(33, 'Samantha', 'Gonzalez', 'bradybryan@lee.org', '276 Brian Well Suite 866, East Victor, NM 33323', '(330)015-6061'),
(34, 'Samuel', 'Carter', 'vsuarez@ware.com', '71936 Anderson Harbors, New Karen, MS 75254', '(001)468-5784'),
(35, 'Renee', 'Mooney', 'stewartdarren@young-morales.com', '4063 Price Fort, Lake Alexandria, OK 95742', '(027)173-7941'),
(36, 'William', 'Raymond', 'justinflores@gmail.com', '52430 Farrell Parkway, North Carl, WA 50849', '(331)495-4705'),
(37, 'Michael', 'Hernandez', 'timothy70@yahoo.com', '3374 Williams Parkways, Lake Richardport, WA 80949', '(628)142-7721'),
(38, 'Melinda', 'Lewis', 'bruce59@hotmail.com', '534 Potter Burgs, Lake Karishire, IL 25022', '(644)383-2607'),
(39, 'Debra', 'Sanders', 'melanie34@hernandez-castro.info', '37278 Christine Roads Suite 421, Justinport, AK 31314', '(077)699-8082'),
(40, 'Hannah', 'Smith', 'ghernandez@gmail.com', '62166 Andrea Corner Apt. 441, East Alexanderbury, VT 66659', '(109)100-5264'),
(41, 'Kevin', 'Mooney', 'bishopsuzanne@hotmail.com', '133 Eric Harbor Apt. 685, Burgessbury, ID 21578', '(865)383-7249'),
(42, 'Amy', 'Thompson', 'adriandelacruz@yahoo.com', '94859 Michael Run Suite 274, Jordanview, DE 13706', '(138)382-5941'),
(43, 'Scott', 'Sanders', 'johnsonnathaniel@bass.com', 'USS Jimenez, FPO AA 97111', '(184)564-2522'),
(44, 'Ryan', 'Hopkins', 'heather03@gmail.com', 'Unit 8630 Box 1986, DPO AA 30671', '(001)667-5088'),
(45, 'Alex', 'Anderson', 'zmiller@yahoo.com', '56965 Harding Camp Apt. 089, Port Kevinport, NC 27476', '(353)338-1584'),
(46, 'Nicole', 'Rivera', 'tiffanyadams@yahoo.com', '0920 Lewis Plaza, Port Steven, MT 83560', '(001)714-3366'),
(47, 'Jodi', 'Ponce', 'steveharris@yahoo.com', '0349 Raymond Junction, Mahoneyberg, MO 30860', '(183)808-8361'),
(48, 'Gary', 'Sanchez', 'michael23@lewis.com', '52021 Jeremy Ville, New Sharonmouth, NM 97797', '(014)034-6714'),
(49, 'Gerald', 'Ortiz', 'scarroll@hotmail.com', 'PSC 2980, Box 2727, APO AP 62516', '(162)523-1374'),
(50, 'Mark', 'Wolfe', 'monica71@hotmail.com', '5384 Patel Trail, West Kimberlyberg, MS 19373', '(349)979-2273'),
(51, 'Nicholas', 'Sutton', 'danielmiller@donovan.net', '6473 Moyer Wells, Annmouth, OH 47661', '(186)688-0972'),
(52, 'Mary', 'Miller', 'jillianfrancis@hotmail.com', '35083 Matthew Avenue Suite 635, Christinechester, GA 29099', '(818)094-1714'),
(53, 'Jeffrey', 'Farmer', 'jacobjohnson@hoffman.org', '040 Brenda Road, Garciaberg, OR 30735', '(345)323-5608'),
(54, 'Sean', 'Downs', 'ebrewer@yahoo.com', '4996 Mccullough Park Apt. 938, Port Frank, DE 66818', '(001)844-3137'),
(55, 'Laura', 'Perry', 'kristataylor@martinez.com', 'Unit 0240 Box 5152, DPO AP 66958', '(053)094-1726'),
(56, 'Matthew', 'Guerrero', 'mary78@briggs-clark.com', '703 Fleming Brooks, South Jasonmouth, NH 12879', '(193)138-8576'),
(57, 'Rebecca', 'Simon', 'calderonjeffrey@lee.com', '3398 Michael Isle Suite 155, Scottmouth, OH 49218', '(001)447-9304'),
(58, 'Benjamin', 'Peterson', 'jrose@moore.com', '242 Patrick Expressway Suite 071, North Michealbury, NY 41010', '(990)171-6825'),
(59, 'Johnathan', 'Long', 'joycejessica@hancock.com', '458 Monica Shores, Frostfurt, CA 10888', '(473)430-7118'),
(60, 'Jeremy', 'Dorsey', 'shieldsclaudia@smith.com', '7901 Wagner Villages, Alexanderside, MT 90789', '(420)619-9462'),
(61, 'Anthony', 'Hernandez', 'scottwilson@phillips-shelton.com', '5091 Dominguez Estate Apt. 338, South Brandonland, MI 31076', '(190)928-3819'),
(62, 'Jose', 'Silva', 'jennifer71@gmail.com', '728 Yang Ranch, South Shannonhaven, TX 36158', '(165)422-6748'),
(63, 'Karen', 'Lynn', 'johnhenderson@hotmail.com', '599 Ashley Flat Apt. 718, West Sean, WV 07171', '(146)402-0324'),
(64, 'Richard', 'Gardner', 'janiceadams@garcia.info', '6091 Ross Fork, New Fernandoborough, WA 13142', '(556)327-2086'),
(65, 'Robert', 'Reid', 'rodriguezbrandi@jones-wade.com', '345 Sanchez Passage, Haydenton, OK 06693', '(481)022-8034'),
(66, 'Brian', 'Harris', 'wwest@hawkins.com', '747 Olson Plains Apt. 732, Walkerhaven, WV 33952', '(506)056-6905'),
(67, 'Danielle', 'Nolan', 'maria69@miller.net', '191 Victoria Unions, Grahamview, MN 03207', '(130)941-6946');

--INSERT LibraryMember
INSERT INTO LibraryMember(LibraryMember_ID, Items_CheckedOut, Date_Joined, Outstanding_Balance, Sex, DOB, Status) VALUES
(21, 1, '2021-07-30', 0.0, 'M', '1988-05-31', 'Active'),
(61, 1, '2025-02-25', 0.0, 'M', '1988-08-09', 'Active'),
(65, 1, '2021-07-18', 0.0, 'M', '1949-05-26', 'Active'),
(41, 0, '2022-07-01', 0.0, 'O', '1985-06-26', 'Active'),
(48, 8, '2024-03-05', 0.0, 'O', '1941-01-15', 'Active'),
(16, 3, '2020-04-17', 0.0, 'M', '1967-02-23', 'Active'),
(47, 0, '2023-04-20', 0.0, 'M', '1942-06-17', 'Active'),
(8, 5, '2020-09-26', 0.0, 'O', '1979-01-30', 'Active'),
(58, 6, '2021-08-08', 0.0, 'M', '1977-01-07', 'Active'),
(24, 5, '2020-05-03', 2.85, 'F', '1965-02-13', 'Active'),
(49, 0, '2024-07-25', 0.0, 'F', '1962-03-21', 'Active'),
(7, 5, '2022-03-28', 0.0, 'O', '2013-05-24', 'Active'),
(38, 3, '2025-02-22', 19.41, 'M', '1971-07-06', 'Suspended'),
(17, 6, '2024-07-11', 0.0, 'F', '1947-05-19', 'Active'),
(66, 4, '2020-06-25', 0.0, 'F', '2003-11-13', 'Active'),
(44, 0, '2024-07-24', 0.0, 'F', '1959-12-23', 'Active'),
(2, 0, '2020-10-07', 0.0, 'M', '1951-02-01', 'Active'),
(33, 6, '2020-08-16', 0.0, 'O', '1988-05-16', 'Active'),
(6, 3, '2021-05-10', 0.0, 'M', '1979-06-26', 'Active'),
(36, 0, '2025-03-16', 0.0, 'O', '1985-03-24', 'Active'),
(3, 4, '2023-06-16', 0.0, 'F', '1969-10-18', 'Active'),
(12, 6, '2022-12-21', 0.0, 'O', '1960-10-18', 'Active'),
(1, 1, '2022-09-13', 0.0, 'M', '1945-03-01', 'Active'),
(31, 4, '2024-09-01', 0.0, 'F', '2001-04-01', 'Active'),
(27, 2, '2024-06-15', 0.0, 'F', '1988-03-18', 'Active'),
(28, 0, '2024-05-26', 0.0, 'F', '1997-08-14', 'Active'),
(5, 5, '2022-01-15', 0.0, 'M', '1958-07-25', 'Active'),
(52, 4, '2022-02-23', 28.07, 'M', '1951-09-08', 'Suspended'),
(23, 0, '2025-03-16', 0.0, 'O', '1942-11-12', 'Active'),
(20, 4, '2024-03-07', 0.0, 'F', '1989-09-13', 'Active'),
(40, 2, '2021-10-11', 0.0, 'O', '1941-12-09', 'Active'),
(43, 0, '2023-10-25', 0.0, 'F', '1959-08-21', 'Active'),
(59, 4, '2024-02-23', 0.0, 'O', '1964-09-17', 'Active'),
(50, 3, '2023-01-25', 0.0, 'M', '1994-04-13', 'Active'),
(26, 0, '2021-07-11', 0.0, 'M', '1978-08-02', 'Active'),
(64, 7, '2020-06-24', 0.0, 'M', '1955-05-17', 'Active'),
(19, 4, '2020-06-08', 0.0, 'M', '1976-12-02', 'Active'),
(37, 1, '2024-05-20', 25.07, 'F', '2003-01-27', 'Suspended'),
(35, 4, '2024-04-29', 0.0, 'M', '1938-02-05', 'Active'),
(9, 5, '2024-05-07', 0.0, 'O', '1974-03-03', 'Active'),
(14, 0, '2022-12-14', 0.0, 'M', '1960-05-07', 'Active'),
(10, 4, '2021-08-25', 0.0, 'O', '1952-09-04', 'Active'),
(46, 9, '2021-01-31', 0.0, 'O', '1972-07-08', 'Active'),
(4, 0, '2023-07-12', 0.0, 'F', '1944-06-26', 'Active'),
(22, 3, '2024-03-16', 0.0, 'F', '1982-02-22', 'Active'),
(60, 5, '2024-03-01', 0.0, 'F', '1959-10-20', 'Active'),
(54, 1, '2020-10-25', 0.0, 'M', '1957-03-18', 'Active'),
(56, 6, '2021-12-04', 0.0, 'M', '1940-06-24', 'Active'),
(13, 0, '2023-12-02', 0.0, 'M', '2013-10-16', 'Active'),
(15, 4, '2023-02-28', 39.31, 'M', '2012-05-19', 'Suspended'),
(53, 4, '2021-11-07', 0.0, 'M', '2008-04-30', 'Active'),
(63, 0, '2020-09-01', 0.0, 'M', '1949-01-01', 'Active'),
(29, 0, '2025-04-03', 33.94, 'M', '1935-09-17', 'Suspended'),
(32, 5, '2021-01-17', 10.14, 'M', '2006-08-21', 'Active'),
(25, 5, '2024-05-08', 0.0, 'F', '1959-11-19', 'Active'),
(62, 2, '2023-11-21', 0.0, 'O', '2013-03-06', 'Active'),
(30, 10, '2024-12-02', 0.0, 'M', '1948-10-01', 'Active'),
(45, 5, '2023-03-20', 0.0, 'O', '1981-11-07', 'Active'),
(42, 0, '2023-02-16', 0.0, 'O', '2002-07-14', 'Active'),
(57, 9, '2021-07-26', 20.92, 'M', '1971-10-08', 'Suspended'),
(55, 5, '2024-01-16', 0.0, 'O', '1956-10-01', 'Active'),
(51, 0, '2023-02-18', 13.21, 'O', '2007-04-23', 'Active'),
(11, 8, '2022-02-03', 36.57, 'M', '1934-05-20', 'Suspended');

--INSERT Library Staff
INSERT INTO LibraryStaff(Staff_ID, Salary, Position_Name, Position_Type) VALUES
(39, 44730, 'Librarian', 'Full-Time'),
(67, 39440, 'Technician', 'Part-Time'),
(34, 48364, 'Archivist', 'Full-Time');

--INSERT library Admin
INSERT INTO SystemAdministrator(Staff_ID, Managees) VALUES
(18, NULL);




INSERT INTO Publisher(Publisher_ID, Name) VALUES
(1, 'Smith, Jacobs and Jimenez'),
(2, 'Hernandez Group'),
(3, 'Smith, Banks and Little'),
(4, 'Brooks, Welch and Miller'),
(5, 'Melton, Medina and Williams'),
(6, 'Fernandez-Jennings'),
(7, 'Galvan-Macdonald'),
(8, 'Hubbard Ltd'),
(9, 'Carroll, Perez and Lang'),
(10, 'Snyder-Reed'),
(11, 'Odonnell-Jensen'),
(12, 'Russell, Bishop and Moore'),
(13, 'Lucero-Grant'),
(14, 'Hill-Franco'),
(15, 'Curtis Ltd'),
(16, 'Martin, Lopez and Yu'),
(17, 'Navarro-Yates'),
(18, 'Stewart and Sons'),
(19, 'Floyd, Mccarthy and Smith'),
(20, 'Taylor Inc'),
(21, 'Bell-Owen'),
(22, 'Garner, Giles and Chambers'),
(23, 'Hall Inc'),
(24, 'Marshall-Bowman'),
(25, 'Delacruz and Sons'),
(26, 'Gomez-Navarro'),
(27, 'Murray LLC'),
(28, 'Mcdonald, Davenport and Nguyen'),
(29, 'Levine-Fletcher'),
(30, 'Wright-Shaw'),
(31, 'Rose Ltd'),
(32, 'Davis Group'),
(33, 'Durham-Wolf'),
(34, 'Austin, Stewart and Williamson'),
(35, 'Peterson, Wu and Francis'),
(36, 'Mooney Ltd'),
(37, 'Rogers, Weiss and Nelson'),
(38, 'Smith-Small'),
(39, 'Wall, Brock and Vega'),
(40, 'Scott-Mcknight'),
(41, 'Young-Delgado'),
(42, 'Bowers, Porter and Baker'),
(43, 'French PLC'),
(44, 'Nelson-Rivera'),
(45, 'Mcgrath, Ramirez and Macias'),
(46, 'Maldonado Group'),
(47, 'Cantu-Johnston'),
(48, 'Harmon-Mason'),
(49, 'Swanson-Williams'),
(50, 'Howell PLC'),
(51, 'Johnson-Ingram'),
(52, 'Walker, Walsh and Wolf'),
(53, 'Hodge LLC'),
(54, 'Patterson, Smith and Fields'),
(55, 'Pittman-Johnson'),
(56, 'Garrett-Stone'),
(57, 'Jacobs, West and Barber'),
(58, 'Carroll, George and Martinez'),
(59, 'Rose, Miller and Lee'),
(60, 'Chaney Ltd'),
(61, 'Graves-Taylor'),
(62, 'Martinez-Smith'),
(63, 'Weaver Inc'),
(64, 'Moore, Walker and Santos'),
(65, 'Payne-Phillips'),
(66, 'Johnson-Lopez'),
(67, 'Lewis-Mendez'),
(68, 'Mahoney, Mendoza and Mason'),
(69, 'Lee Ltd'),
(70, 'Norman-Steele'),
(71, 'Lewis PLC'),
(72, 'Joseph PLC'),
(73, 'Lewis-Hughes'),
(74, 'Martinez Inc'),
(75, 'Copeland Group');

INSERT INTO Genre(Genre_ID, Name) VALUES
(1, 'Science Fiction'),
(2, 'Fantasy'),
(3, 'Mystery'),
(4, 'Thriller'),
(5, 'Romance'),
(6, 'Non-Fiction'),
(7, 'Historical'),
(8, 'Young Adult'),
(9, 'Biography'),
(10, 'Horror');
INSERT INTO Author(author_id, first_name, last_name) VALUES
(2, 'Caitlin', 'Huerta'),
(3, 'Michael', 'Mcgee'),
(5, 'Jennifer', 'Smith'),
(6, 'Kanye', 'West'),
(7, 'Kenneth', 'Daniels'),
(8, 'Regina', 'Martinez'),
(9, 'Tracy', 'Roberts'),
(10, 'Cheryl', 'Aguirre'),
(11, 'Audrey', 'Pan'),
(13, 'Margaret', 'Campbell'),
(14, 'Kristina', 'Wolf'),
(15, 'Owen', 'Rich'),
(16, 'Jeremy', 'White'),
(17, 'Christopher', 'Jones'),
(18, 'Willie', 'Alexander'),
(19, 'Heather', 'Bray'),
(21, 'Tonya', 'Hardy'),
(22, 'Kyle', 'Strong'),
(24, 'Jesus', 'Arias'),
(27, 'James', 'Terrys'),
(26, 'John', 'Clark'),
(28, 'Jessica', 'Keith'),
(29, 'Thomas', 'Hawkins'),
(30, 'Mickey', 'Mouse'),
(31, 'Laura', 'Schultz'),
(32, 'Kitty', 'Jenes'),
(33, 'Cassandra', 'Smith'),
(34, 'Sue', 'Dudley'),
(35, 'Stuart', 'Smith'),
(36, 'Daniel', 'Santana'),
(37, 'Kathleen', 'Smith'),
(38, 'Keith', 'Brooks'),
(41, 'Troy', 'Stafford'),
(42, 'Nicole', 'Harrell'),
(43, 'David', 'Gonzales'),
(44, 'Catherine', 'Finley'),
(45, 'Maria', 'Jackson'),
(46, 'Leonard', 'Frazier'),
(50, 'David', 'Wilson'),
(53, 'Jamie', 'Washington'),
(55, 'John', 'Gill'),
(56, 'Teresa', 'Bishop'),
(57, 'Patrick', 'Conner'),
(59, 'Patrick', 'Mason'),
(61, 'Judy', 'Bullock'),
(62, 'Jill', 'Walker'),
(63, 'Kayla', 'Watts'),
(64, 'Sriya', 'Annem'),
(66, 'Toni', 'Williams'),
(67, 'Mark', 'Evans'),
(68, 'Roger', 'Nichols'),
(70, 'Diana', 'Lane'),
(71, 'Rico', 'Lays'),
(72, 'Rebecca', 'Sanchez'),
(75, 'Denise', 'King DDS'),
(76, 'Kristina', 'Kaiser'),
(78, 'Jimmy', 'Johnson'),
(79, 'Crystal', 'Taylor'),
(80, 'Darren', 'Foster'),
(81, 'Matthew', 'Bowman'),
(82, 'Brian', 'Thornton'),
(83, 'Chris', 'Graham'),
(84, 'Gerald', 'Fernandez'),
(85, 'Zachary', 'Johnson'),
(86, 'Alicia', 'Olson'),
(87, 'Jace', 'Jadin'),
(88, 'Tyrone', 'Hernandez'),
(89, 'Daniel', 'Wright'),
(90, 'Matthew', 'Smith'),
(91, 'Shannon', 'Chavez'),
(92, 'Richard', 'Jackson'),
(95, 'Kaden', 'Huber'),
(97, 'Anthony', 'Arnold'),
(99, 'Christine', 'Clark'),
(101, 'Nicholas', 'Wiley'),
(102, 'Brett', 'Cruz'),
(103, 'Laura', 'Reed'),
(105, 'Donald', 'Rodriguez'),
(107, 'Howard', 'Carney'),
(108, 'Natalie', 'Kane'),
(109, 'Danielle', 'Mccarthy DVM'),
(110, 'Alex', 'Kirby'),
(111, 'Randall', 'Thomas'),
(112, 'Ryan', 'Freeman'),
(113, 'Michael', 'Mendoza'),
(114, 'Kerri', 'Hernandez'),
(115, 'Mariah', 'Watson'),
(117, 'Christina', 'Warren'),
(119, 'George', 'Shelton'),
(120, 'Marrisa', 'Carls'),
(121, 'Edward', 'Martinez'),
(122, 'Michelle', 'Salas'),
(125, 'Trevor', 'Simien'),
(126, 'Debra', 'Graham'),
(127, 'Lynn', 'Anderson'),
(128, 'Anna', 'Ross'),
(129, 'Wayne', 'Gordon'),
(130, 'Erica', 'Baker'),
(131, 'Michael', 'Jordan'),
(132, 'Michelle', 'Haynes'),
(133, 'Corey', 'Smith'),
(134, 'Jose', 'Hansen'),
(135, 'Danny', 'Finley'),
(136, 'Brett', 'Balquist'),
(138, 'Emily', 'Larsen'),
(139, 'Christopher', 'Chen'),
(140, 'Julie', 'Harris'),
(141, 'Hart', 'Nurnberg'),
(142, 'Randy', 'Scott'),
(143, 'Hossein', 'Saedian'),
(145, 'Kara', 'Stewart'),
(146, 'Erica', 'Byrd'),
(149, 'Kathy', 'Hill'),
(150, 'Maria', 'Allen'),
(152, 'James', 'Chang'),
(154, 'Dana', 'Rogers'),
(155, 'Tammy', 'Martin'),
(156, 'Ana', 'Smith'),
(157, 'Baron', 'Ross'),
(159, 'Alan', 'Thompson'),
(160, 'Paula', 'Thomas'),
(163, 'Kimberly', 'Young'),
(166, 'Amy', 'Livingston'),
(167, 'Debbie', 'Johnston'),
(168, 'Shane', 'Dawson'),
(169, 'Luke', 'Rogers'),
(170, 'Patrick', 'Mahomes'),
(171, 'Taylor', 'Little'),
(172, 'Theresa', 'Rogers'),
(173, 'Austin', 'Baxter'),
(177, 'Justin', 'Bieber'),
(180, 'Joseph', 'Peters'),
(181, 'Jonathan', 'Cummings'),
(182, 'Joe', 'Rogan'),
(184, 'David', 'Johnson'),
(185, 'Bryce', 'Charlies'),
(186, 'Sabeen', 'Ahmad'),
(188, 'Michael', 'Foley'),
(189, 'Emily', 'Berry'),
(192, 'Debra', 'Johnson'),
(194, 'Thomas', 'West'),
(196, 'Antonio', 'Sanchez'),
(198, 'Charles', 'Dune'),
(199, 'Bronny', 'James'),
(200, 'LeBron', 'James'),
(201, 'Judy', 'Yu'),
(202, 'Manuel', 'Hamilton'),
(204, 'Jennifer', 'Friedman'),
(206, 'Paul', 'Strong'),
(207, 'Paul', 'Rudd'),
(208, 'Martin', 'Williams'),
(209, 'John', 'Vasquez'),
(210, 'Carla', 'Nelson'),
(211, 'Adam', 'Bauer'),
(213, 'Jodi', 'Davis'),
(219, 'Philip', 'Philips'),
(220, 'Kevin', 'Jacobson'),
(221, 'Kathryn', 'Eaton'),
(225, 'Amy', 'Wilcox'),
(226, 'Dwight', 'Shuber'),
(229, 'Arthur', 'Booker'),
(231, 'Jeffery', 'Smith'),
(232, 'Russell', 'Roberts'),
(233, 'Mike', 'Michaels'),
(234, 'James', 'Charles'),
(235, 'Michael', 'Mcpherson'),
(236, 'Mark', 'Shelton'),
(237, 'Kayla', 'Davis'),
(238, 'Baby', 'Jayhawk'),
(239, 'April', 'Williams'),
(240, 'Stephen', 'Prince'),
(241, 'Becky', 'Rivera'),
(242, 'Tony', 'Flowers'),
(243, 'John', 'Johnson'),
(244, 'Russell', 'Anderson'),
(245, 'Adriana', 'Hess'),
(248, 'Thomas', 'Newman'),
(249, 'David', 'Zomer'),
(250, 'Chelsea', 'Mcconnell'),
(251, 'Brian', 'Cole'),
(252, 'Gavin', 'Manning'),
(254, 'David', 'Davis'),
(255, 'Warren', 'Williams'),
(256, 'Rachel', 'Larson'),
(258, 'Sophia', 'Rhoses'),
(260, 'Melissa', 'Sloan'),
(261, 'Luiz', 'Maple'),
(262, 'Crystal', 'Foster MD'),
(265, 'Muhammad', 'Ali'),
(266, 'Christine', 'Butler'),
(267, 'Kevin', 'Perez'),
(268, 'Amy', 'Mccoy'),
(269, 'Emily', 'Nichols'),
(270, 'Beck', 'Prescott'),
(272, 'Larry', 'Davids'),
(273, 'William', 'White'),
(274, 'Jamie', 'Gregory'),
(275, 'Selena', 'Gomez'),
(277, 'Kevin', 'Berry'),
(279, 'James', 'Cunningham'),
(280, 'Irene', 'Xu'),
(282, 'Timothy', 'Jimenez'),
(284, 'Mrs.', 'Karen Mays'),
(286, 'Martin', 'Luther King Jr.'),
(288, 'Kevin', 'Sanders'),
(289, 'William', 'Roth'),
(290, 'Mark', 'Ruiz'),
(291, 'Mark', 'Cuban'),
(292, 'Kenneth', 'Phillips'),
(293, 'Sherry', 'Valdez'),
(294, 'Rebecca', 'Graham'),
(295, 'John', 'Madden'),
(296, 'Craig', 'Kelly'),
(297, 'Jason', 'Walker'),
(298, 'Darth', 'Vader'),
(299, 'Jasmine', 'Gonzalez'),
(300, 'Christie', 'Scott'),
(301, 'Joseph', 'Chung'),
(302, 'Christine', 'White'),
(303, 'Sarah', 'Vega'),
(304, 'Tori', 'Vegas'),
(306, 'Bradley', 'Lopez'),
(307, 'Maria', 'Garza'),
(308, 'Michelle', 'Hall'),
(309, 'Dillon', 'Andrews'),
(310, 'Justin', 'Wood'),
(312, 'Bryan', 'Robertson'),
(313, 'Ashley', 'Taylor'),
(314, 'Billy', 'Gregory'),
(316, 'Nathan', 'Lambert'),
(318, 'Brittany', 'Norton'),
(319, 'Doris', 'Arnold'),
(320, 'Kimberly', 'Williams'),
(321, 'Gary', 'Moss'),
(322, 'Heather', 'Richardson'),
(323, 'Andrea', 'Sherman'),
(324, 'Daniel', 'Floyd'),
(328, 'Scooter', 'Lulas'),
(329, 'Alex', 'Reyes'),
(330, 'Charlie', 'Charleson'),
(331, 'Brittany', 'Richardson'),
(332, 'Kelly', 'Martin'),
(333, 'Patricia', 'White'),
(334, 'Alan', 'Wolfe'),
(335, 'Joseph', 'Travis'),
(336, 'Elizabeth', 'Sanchez'),
(337, 'Laura', 'Alvarado'),
(338, 'Jordan', 'Terez'),
(339, 'Taylor', 'Swift'),
(340, 'Heather', 'Campbell'),
(342, 'Leslie', 'Reed'),
(343, 'Karen', 'Johnson'),
(344, 'Angela', 'Parker'),
(345, 'Tara', 'Weaver'),
(346, 'David', 'Johnson Jr.'),
(347, 'Jerry', 'Frazier'),
(348, 'Brian', 'Castillo'),
(349, 'Hannah', 'Montana'),
(350, 'Jodi', 'Harris');


--INSERT Item

INSERT INTO Item(Item_ID, ISBN, Title, Publication_Year, Publisher_ID, Genre_ID, Quantity, Author_ID) VALUES
(1, '4025297006533', 'Long send because', 2022, 49, 4, 4, 299),
(2, '2853730176460', 'Stop guess tell', 2011, 58, 6, 2, 99),
(3, '8910220898062', 'Recently happy model', 1996, 20, 1, 3, 46),
(4, '9840641496748', 'Sign discuss sure pull', 2005, 60, 4, 1, 141),
(5, '2027430454654', 'South send education last her', 1998, 57, 6, 4, 64),
(6, '3005274726482', 'Sister write though lawyer past', 2017, 63, 10, 5, 38),
(7, '0958308880613', 'Speech travel themselves heart surface', 2002, 53, 2, 1, 13),
(8, '7424731664481', 'Ready its offer', 1998, 14, 10, 4, 90),
(9, '2952838485169', 'Score me well', 2013, 69, 3, 1, 209),
(10, '0854892420255', 'Natural behavior note really', 2013, 47, 3, 5, 180),
(11, '8287134718255', 'Stage record wide soon truth', 2012, 3, 3, 2, 82),
(12, '8515982584251', 'What at news', 1997, 7, 9, 4, 213),
(13, '8826431836480', 'Reach fund too', 2018, 55, 7, 5, 292),
(14, '5971216557934', 'Whole drive medical', 2018, 16, 2, 5, 225),
(15, '7537187677433', 'Country state PM back', 2024, 10, 4, 5, 128),
(16, '7426248787864', 'Newspaper get investment leader camera', 2022, 62, 1, 4, 186),
(17, '7428484897912', 'Idea exactly indeed', 2017, 17, 10, 4, 303),
(18, '9033751635905', 'At performance get', 2014, 65, 4, 3, 50),
(19, '9665260094385', 'Start carry add leader happen', 2022, 2, 10, 2, 242),
(20, '6383757954414', 'Night visit', 2010, 4, 2, 3, 82),
(21, '1307786638721', 'Door blue produce with', 2013, 50, 7, 4, 31),
(22, '3470287975718', 'Commercial Mr happy', 2010, 1, 8, 5, 95),
(23, '6245689049187', 'Assume rule', 2011, 47, 6, 1, 309),
(24, '4167053508738', 'Consumer win', 2019, 67, 10, 3, 17),
(25, '7454582957927', 'Mouth enter in success several', 2021, 51, 2, 5, 301),
(26, '4248996384404', 'Whom sure', 2019, 41, 10, 1, 155),
(27, '9809314299880', 'Weight star soon', 2021, 10, 6, 3, 301),
(28, '5869397256842', 'Share behavior talk vote', 1999, 62, 5, 2, 337),
(29, '7048526571442', 'In who', 2017, 19, 6, 3, 16),
(30, '9197882343331', 'Serious join', 2013, 21, 9, 3, 6),
(31, '5290590451247', 'Though near Mr', 2017, 33, 3, 5, 14),
(32, '6246529261230', 'Mission chair nothing consumer', 2024, 64, 7, 5, 339),
(33, '7644432425183', 'Coach suggest father music', 2013, 30, 2, 3, 11),
(34, '0328280679286', 'Project discover rest total when', 2017, 43, 7, 3, 86),
(35, '3041900143798', 'Lead ago become able', 2010, 62, 6, 3, 303),
(36, '2718207569323', 'Detail sort', 1996, 25, 3, 4, 293),
(37, '8976609352648', 'Knowledge them city new choose', 2024, 20, 2, 3, 232),
(38, '1303460765032', 'Body as wind', 1998, 14, 1, 2, 322),
(39, '2779090687096', 'Move around up', 1995, 27, 6, 5, 172),
(40, '6547394511154', 'Technology support whose method organization', 2016, 59, 5, 4, 88),
(41, '7205243573662', 'Everybody oil us Democrat', 2016, 59, 3, 2, 347),
(42, '3990770670560', 'Different happen participant', 1998, 4, 2, 2, 121),
(43, '0974795353084', 'Finally money oil', 2013, 16, 1, 2, 295),
(44, '6271907667311', 'Two happen outside', 2021, 67, 7, 2, 220),
(45, '5044781352729', 'Police letter way per above', 2025, 22, 1, 4, 237),
(46, '1644383501676', 'Drug late', 2022, 44, 8, 3, 346),
(47, '5415709046495', 'As serve much', 2005, 56, 4, 1, 318),
(48, '8585643473094', 'Perhaps plan lose your', 2016, 29, 4, 2, 318),
(49, '5424480888404', 'Particular really example', 2018, 36, 5, 4, 238),
(50, '5099045137873', 'Technology table team', 1999, 41, 5, 3, 219),
(51, '3096366703794', 'Training but meet news region', 2021, 45, 2, 2, 208),
(52, '6215702415503', 'Job good or', 2013, 64, 7, 5, 254),
(53, '4549076464615', 'Look plant base receive stock', 2012, 73, 8, 3, 75),
(54, '1503615328426', 'Star social month science', 2023, 36, 1, 3, 145),
(55, '9205813381993', 'Above side possible', 2020, 13, 2, 1, 62),
(56, '2053610103601', 'Down scene team increase', 2011, 31, 1, 5, 149),
(57, '1565556165494', 'Wall friend record protect', 2019, 43, 5, 3, 225),
(58, '9864852656735', 'Myself show report wait', 2025, 14, 4, 4, 85),
(59, '3829548104020', 'Use treat international sort tell', 2025, 53, 1, 1, 160),
(60, '9034756109960', 'Skill low down behavior very', 2024, 33, 3, 2, 166),
(61, '4573259361706', 'Military floor', 2017, 27, 9, 5, 30),
(62, '3657818139715', 'Someone believe', 2009, 58, 4, 5, 196),
(63, '0276327393639', 'Understand art final child performance', 2015, 21, 9, 3, 112),
(64, '3005388604452', 'Maintain research', 2017, 15, 6, 3, 210),
(65, '4485020851271', 'Product two glass', 2010, 29, 8, 4, 300),
(66, '2916305568595', 'I town', 2022, 13, 4, 3, 320),
(67, '3455921633298', 'Deal yourself', 2019, 70, 1, 1, 268),
(68, '3907705876723', 'Memory us send', 2019, 7, 6, 4, 50),
(69, '6054063634984', 'So red president', 1998, 33, 2, 4, 140),
(70, '1442840760737', 'Smile able', 2009, 16, 6, 1, 286),
(71, '4930472583963', 'Course organization blood', 2003, 4, 5, 1, 87),
(72, '4981142963863', 'Study including firm understand', 2025, 25, 8, 4, 87),
(73, '3602583534103', 'Door seat have treatment his', 2002, 49, 9, 1, 109),
(74, '1625701930986', 'Key grow lead big', 2017, 20, 3, 5, 349),
(75, '2143737747345', 'Day build feeling', 2011, 63, 1, 4, 295),
(76, '4824249672787', 'Behavior long increase record sign', 2013, 62, 7, 3, 26),
(77, '4737187355091', 'Loss high mission stop', 2012, 70, 9, 3, 18),
(78, '6260914888569', 'Give lot defense per see', 2009, 24, 1, 5, 292),
(79, '5847469876393', 'Democratic test', 2023, 23, 3, 4, 64),
(80, '3860330861669', 'Rich might', 2019, 27, 7, 1, 55),
(81, '2346066524773', 'Actually above', 2020, 35, 3, 3, 298),
(82, '0367557816808', 'Former score would', 2018, 74, 7, 5, 138),
(83, '3842471534118', 'Statement financial language like material', 2013, 4, 2, 1, 192),
(84, '4075590943837', 'Participant peace dinner', 2010, 3, 10, 3, 200),
(85, '0355331700400', 'Federal this', 1999, 12, 3, 4, 157),
(86, '6171164217779', 'Image include', 1995, 53, 1, 4, 26),
(87, '0492007599967', 'Year future drive decide', 2019, 31, 2, 5, 282),
(88, '7019596548155', 'Consider fine despite about evening', 2019, 34, 10, 1, 67),
(89, '3714711003963', 'Drive personal western', 2014, 63, 9, 1, 180),
(90, '4307799224741', 'Him attorney else', 2011, 42, 9, 4, 111),
(91, '6468447440640', 'Newspaper human for', 2016, 40, 4, 1, 97),
(92, '0518392964680', 'Sure power friend break', 2013, 7, 1, 1, 233),
(93, '2769745586686', 'Organization reach speak', 2024, 9, 3, 4, 76),
(94, '0087531526641', 'Send rule production', 2022, 36, 3, 5, 343),
(95, '7604230362209', 'Most industry pick', 2025, 50, 5, 1, 92),
(96, '9875621384783', 'Campaign minute choice natural black', 2020, 20, 4, 1, 348),
(97, '8556708678836', 'Seek recognize discussion get', 1998, 27, 2, 2, 270),
(98, '8986027503767', 'Condition tax prove', 2024, 40, 1, 3, 233),
(99, '5758486307458', 'Early speech their ahead', 2015, 46, 8, 3, 284),
(100, '6869307254970', 'Recently discover manager issue gas', 2025, 45, 10, 4, 229),
(101, '6972737864726', 'Charge wear while message according', 2015, 54, 4, 3, 82),
(102, '3559739401227', 'Here model describe concern majority', 2008, 3, 3, 1, 268),
(103, '7781059779665', 'Close arm fight young', 2014, 62, 10, 5, 220),
(104, '9661405596274', 'Possible read beautiful teach expert', 2023, 17, 9, 5, 62),
(105, '7080234475942', 'Anyone money force', 2018, 27, 10, 3, 109),
(106, '3381299516096', 'Away fire start', 2013, 64, 3, 2, 272),
(107, '1012497777691', 'Bad off threat', 2025, 7, 4, 5, 27),
(108, '8336942388958', 'Choice wish quite sort', 2022, 36, 1, 5, 22),
(109, '6988969860574', 'Wonder visit', 2007, 25, 5, 1, 134),
(110, '6575765291033', 'Most city', 2021, 65, 10, 1, 258),
(111, '1123328399854', 'From where every', 2018, 71, 2, 2, 345),
(112, '3819070431501', 'Far green', 1996, 3, 1, 5, 316),
(113, '9205022019357', 'Never discussion commercial foot scene', 2016, 70, 2, 3, 309),
(114, '8785583799239', 'Course fast any dark', 2016, 65, 10, 4, 34),
(115, '8035178931421', 'Morning machine really charge', 1996, 64, 8, 4, 5),
(116, '5084454625569', 'Thus people hospital', 1997, 36, 3, 2, 80),
(117, '3018828816666', 'Break at girl', 2002, 14, 7, 4, 267),
(118, '2889939939876', 'Concern stage TV tell', 2010, 58, 6, 5, 56),
(119, '5138874663381', 'His future', 2018, 22, 8, 4, 126),
(120, '2609917536263', 'Hospital since drug everything', 2010, 29, 4, 4, 120),
(121, '6869114750098', 'World story', 2022, 32, 10, 4, 119),
(122, '5488319678720', 'Scientist color any', 2003, 67, 5, 1, 273),
(123, '9932745636776', 'Allow know so tree', 1999, 5, 1, 3, 229),
(124, '5418869686462', 'Political affect phone idea', 2019, 4, 5, 4, 61),
(125, '5322816527106', 'Fill sea grow property', 2014, 40, 3, 3, 225),
(126, '8653779221750', 'Garden happen', 2023, 9, 2, 3, 11),
(127, '8896204891915', 'Science charge visit free my', 2000, 61, 9, 4, 299),
(128, '6758276830405', 'Form really open ready', 2019, 45, 1, 3, 308),
(129, '7528057382199', 'Catch growth', 2013, 62, 3, 3, 173),
(130, '4242143192881', 'Western other history song ground', 2023, 23, 10, 2, 184),
(131, '0345648048246', 'Turn traditional', 2025, 26, 4, 5, 143),
(132, '8134268175355', 'Man sound', 2021, 46, 7, 3, 108),
(133, '5211815513825', 'Safe no one service senior', 2022, 40, 6, 3, 78),
(134, '7420018419326', 'Myself camera major', 2020, 31, 6, 5, 279),
(135, '9963559092244', 'Professor development growth', 2025, 12, 7, 1, 56),
(136, '6659142069620', 'Drive drop adult everyone shoulder', 2025, 74, 7, 1, 186),
(137, '4722043644759', 'Media us despite', 1997, 17, 5, 2, 303),
(138, '8695483726569', 'Prevent Mr win control area', 2025, 42, 7, 5, 5),
(139, '8899966308366', 'Particular country item door player', 2017, 12, 1, 3, 254),
(140, '1920038259697', 'Receive reach rule carry cause', 2017, 14, 3, 3, 136),
(141, '2196782017770', 'Head test people', 2025, 66, 4, 4, 199),
(142, '3583086648674', 'All window fine', 2009, 65, 6, 1, 299),
(143, '0323907550109', 'Religious deep term', 2020, 45, 7, 2, 108),
(144, '2148532418747', 'Hundred among husband', 2013, 27, 9, 2, 312),
(145, '5474452555526', 'Include each', 2024, 64, 3, 3, 101),
(146, '5885114383340', 'Good young tree', 2014, 56, 2, 3, 186),
(147, '0717275850850', 'Behind member market like', 2010, 2, 5, 5, 46),
(148, '5560279823330', 'Fire along choose television', 2013, 8, 2, 3, 189),
(149, '3429182195011', 'Hear hand entire painting beyond', 2010, 60, 6, 2, 150),
(150, '5983210758204', 'Article however', 2014, 37, 7, 4, 226),
(151, '0883681467927', 'Trip themselves', 2024, 56, 2, 1, 55),
(152, '0643524628725', 'Mean should executive', 2010, 7, 5, 3, 320),
(153, '3377332969039', 'We company thought', 2025, 66, 5, 4, 249),
(154, '0437408547406', 'Member husband east', 2024, 25, 4, 2, 255),
(155, '0826833991374', 'Available million', 2018, 68, 3, 3, 132),
(156, '9529136483366', 'Mention about without campaign', 2025, 75, 5, 4, 131),
(157, '0229425844730', 'Modern American', 2012, 24, 8, 2, 180),
(158, '0592712384591', 'Force safe lay by', 2012, 56, 6, 3, 113),
(159, '6445263182050', 'Partner activity drug new', 2023, 21, 10, 4, 142),
(160, '8452587566410', 'Occur attorney cup', 2013, 59, 7, 4, 108),
(161, '4102354652269', 'Drop third field', 2019, 2, 3, 3, 292),
(162, '8999861427048', 'Way arm his', 2025, 13, 9, 2, 166),
(163, '8997524451444', 'These value service personal', 2024, 59, 9, 4, 64),
(164, '1523695233496', 'Doctor base relationship thing more', 1996, 45, 8, 3, 258),
(165, '0160539337147', 'Control art reveal', 2016, 74, 3, 3, 130),
(166, '0398791323263', 'Respond force game', 1995, 33, 3, 5, 256),
(167, '2295688097182', 'Score nation deep', 1999, 40, 10, 2, 163),
(168, '7196391034289', 'Partner often debate year', 2005, 15, 6, 3, 200),
(169, '6004383257174', 'Deal surface federal', 2016, 6, 6, 1, 290),
(170, '6184920848149', 'Window painting these such would', 2018, 55, 10, 2, 318),
(171, '5006680467384', 'Art outside live describe', 2018, 46, 2, 2, 114),
(172, '9661946551395', 'Card event man', 2011, 2, 7, 5, 211),
(173, '8566949698341', 'Well all', 2021, 10, 5, 4, 11),
(174, '5922116530180', 'Part about mention', 2006, 33, 4, 5, 37),
(175, '2203646071192', 'Another everything box word image', 2023, 17, 6, 4, 290),
(176, '6822644586857', 'Sound try watch', 1995, 10, 5, 3, 220),
(177, '5193892866816', 'Movie range', 2022, 15, 5, 5, 350),
(178, '2318213756152', 'Move lawyer save', 1997, 75, 10, 1, 238),
(179, '8750912320935', 'Foot they popular', 2018, 30, 10, 2, 181),
(180, '1728263927779', 'Career owner people nearly', 2008, 49, 7, 1, 292),
(181, '0818858645985', 'Raise spend foreign none', 2017, 9, 1, 2, 45),
(182, '0947336431628', 'West new common soon', 2016, 45, 6, 1, 166),
(183, '7125861296846', 'Shake fill manager south add', 2020, 58, 5, 2, 27),
(184, '2182528208876', 'Become practice especially our', 2021, 45, 9, 1, 240),
(185, '4793028502901', 'Difference as worker', 2022, 41, 10, 2, 292),
(186, '3599811189426', 'Strategy way house', 2025, 66, 9, 3, 76),
(187, '1974503333914', 'Author specific artist day', 2024, 39, 2, 1, 350),
(188, '7018463744037', 'Begin expert single get', 2022, 53, 3, 4, 334),
(189, '0618605046998', 'Player force', 2012, 8, 3, 1, 244),
(190, '9283682077166', 'Phone reflect show yeah program', 2000, 17, 1, 1, 294),
(191, '9728623807862', 'North buy both good', 2019, 42, 5, 5, 206),
(192, '0824663349771', 'Red already begin', 2021, 4, 2, 4, 19),
(193, '6649133363566', 'Show person', 2023, 17, 10, 5, 59),
(194, '8063849568079', 'Part ground', 2014, 32, 4, 5, 269),
(195, '9076276966767', 'Fly surface indeed', 2005, 45, 1, 1, 7),
(196, '1508782722772', 'Early laugh', 2024, 68, 5, 2, 131),
(197, '0668666283681', 'Food war never great', 2010, 45, 8, 1, 81),
(198, '5985095587064', 'Capital remember budget when east', 1998, 68, 8, 2, 163),
(199, '5520662600695', 'Great good exist sort', 2011, 62, 1, 2, 143),
(200, '0625191232210', 'Back parent even', 2023, 54, 7, 1, 35),
(201, '0536355429183', 'Require enter may natural', 2015, 21, 4, 3, 255),
(202, '2988674461787', 'Especially near new plant table', 2025, 64, 5, 2, 339),
(203, '7476744572806', 'Away quickly stage', 2014, 41, 4, 4, 44),
(204, '4139077074015', 'Full focus second cold', 2025, 9, 5, 2, 29),
(205, '6288244956473', 'Wall feel', 2012, 26, 10, 1, 53),
(206, '0596592454915', 'Serious subject always scientist light', 2020, 4, 10, 2, 156),
(207, '3209334916888', 'Avoid court say card let', 1999, 27, 6, 4, 81),
(208, '1666966483411', 'Knowledge gun factor', 2001, 50, 6, 5, 258),
(209, '4949882759050', 'Difference fear', 2001, 31, 7, 5, 67),
(210, '5094958389822', 'Say new by', 2012, 49, 4, 2, 243),
(211, '4424704556916', 'Thus own leg us beat', 2025, 3, 6, 3, 194),
(212, '3645055287312', 'Soon use', 1996, 54, 2, 2, 138),
(213, '6390107661466', 'Carry good cultural wrong music', 2021, 69, 2, 3, 10),
(214, '9879268611363', 'Finish decision head', 1995, 50, 5, 2, 8),
(215, '0897047803393', 'Any thousand next', 2016, 71, 5, 2, 33),
(216, '1038978825370', 'Deal early option', 2023, 30, 3, 1, 296),
(217, '0687972596786', 'City education cause heavy see', 2018, 24, 10, 1, 53),
(218, '3090010078410', 'Board resource young miss', 2022, 66, 4, 5, 92),
(219, '6791808252748', 'Enter skill', 2023, 21, 2, 3, 139),
(220, '2645413682818', 'Car debate', 2006, 35, 10, 2, 250),
(221, '6611062806084', 'Wish wrong particular', 2012, 42, 9, 3, 213),
(222, '9928209347672', 'Toward walk animal baby', 2015, 56, 9, 2, 30),
(223, '6656654982794', 'Form long tough', 1996, 20, 7, 2, 99),
(224, '1327905096333', 'Scientist western speech', 2025, 70, 9, 4, 53),
(225, '6857863043865', 'Development pressure effort floor', 2004, 40, 8, 3, 154),
(226, '8898743144804', 'Writer role', 2013, 36, 10, 1, 103),
(227, '1533240010649', 'City tend with organization', 2015, 59, 4, 5, 79),
(228, '0411100154056', 'Treat fund', 1996, 43, 8, 4, 180),
(229, '2304663346341', 'Crime on space', 2019, 36, 6, 5, 291),
(230, '5803469567688', 'Least year item', 2024, 44, 8, 3, 91),
(231, '0636622037550', 'Risk field sense', 1997, 61, 6, 1, 113),
(232, '5115732594840', 'Voice Mr program tough', 2009, 6, 8, 5, 80),
(233, '1770636854988', 'Receive ahead sport back', 2014, 37, 7, 2, 282),
(234, '2149405150259', 'Or claim medical check', 2014, 67, 10, 1, 201),
(235, '9688600321267', 'Probably Democrat resource', 2021, 28, 7, 4, 289),
(236, '4164114860571', 'With quickly prove force', 2011, 22, 7, 2, 244),
(237, '1786716132775', 'Quite or how', 2020, 71, 1, 3, 26),
(238, '0451031094238', 'Development dream class', 2024, 62, 1, 2, 231),
(239, '0619791536932', 'Feeling save significant garden', 1995, 45, 7, 4, 295),
(240, '5482284286457', 'Single parent design skin', 2010, 24, 8, 1, 34),
(241, '3300695089690', 'One minute over', 2015, 12, 9, 5, 167),
(242, '5650241347295', 'Fill million land hot letter', 2011, 5, 8, 5, 102),
(243, '6515733874267', 'Street player guess', 2021, 24, 10, 2, 274),
(244, '1637647672395', 'Water sit chair idea test', 2019, 15, 4, 5, 250),
(245, '7072567724438', 'Sing young', 2016, 27, 5, 5, 290),
(246, '7806812931059', 'Enough yeah speech or', 2016, 16, 3, 4, 72),
(247, '2245595350349', 'Into around buy parent', 2012, 24, 5, 4, 348),
(248, '5382884711600', 'Since ready those', 2018, 27, 10, 3, 11),
(249, '9468104351313', 'Soldier ten trade', 2009, 18, 4, 2, 146),
(250, '3922655279901', 'Enough control', 2021, 68, 1, 1, 275),
(251, '6881052144916', 'Dream suffer even his', 2022, 70, 1, 5, 62),
(252, '0437287170881', 'Change professor rule', 2020, 32, 3, 1, 231),
(253, '3471912863349', 'Leg certainly form student', 2023, 66, 5, 4, 297),
(254, '4890159342237', 'Test challenge fact since leader', 2016, 4, 6, 3, 37),
(255, '6352980246406', 'Should game happy', 2002, 57, 8, 1, 155),
(256, '7420483189541', 'Guess design positive', 2021, 39, 2, 3, 41),
(257, '6231223945923', 'Guess government left', 2025, 15, 2, 1, 29),

(258, '2513866021413', 'Smile leg money mouth ask', 2022, 68, 2, 4, 266),
(259, '9044090268880', 'Put doctor hand create', 2010, 15, 2, 5, 177),
(260, '3619351797145', 'Treat coach able wife process', 2021, 46, 5, 3, 310),
(261, '4027343082708', 'Interest throughout', 1995, 69, 8, 4, 138),
(262, '5563867234733', 'Left laugh board nature', 2000, 4, 8, 3, 289),
(263, '6177932531186', 'Just structure require effect fire', 2020, 46, 8, 1, 297),
(264, '9048118232925', 'Property prevent him arm beyond', 2024, 6, 1, 4, 28),
(265, '5647258369867', 'Room of among', 2012, 46, 4, 3, 19),
(266, '7012413453143', 'Others report figure', 2011, 16, 2, 2, 32),
(267, '2282284105335', 'Away significant politics already', 2024, 2, 10, 5, 322),
(268, '5501361776729', 'Way boy guy', 2014, 45, 1, 2, 139),
(269, '2237290617311', 'Although best information', 2012, 30, 8, 3, 330),
(270, '0297038830892', 'Those number admit', 1997, 63, 10, 1, 64),
(271, '8051038400314', 'Able prevent focus executive', 1999, 32, 10, 1, 88),
(272, '7644286887733', 'West him', 2018, 70, 10, 3, 42),
(273, '8887274964941', 'Away authority business actually question', 2013, 20, 1, 5, 266),
(274, '1783124879252', 'Example live tonight', 2018, 14, 9, 2, 290),
(275, '9589652085451', 'Health air have visit', 2023, 8, 7, 2, 172),
(276, '2204453544075', 'Raise member season join sell', 2019, 33, 1, 3, 248),
(277, '0133428276119', 'Soon society beat recent much', 2018, 43, 2, 1, 142),
(278, '7594929969917', 'Mrs treat every', 2020, 41, 2, 5, 207),
(279, '1423432697299', 'Late some individual information teacher', 2019, 63, 4, 4, 297),
(280, '0793449579421', 'Nice two', 2021, 64, 9, 2, 57),
(281, '3326437159888', 'Fish water second national', 2023, 50, 9, 5, 33),
(282, '7476475001881', 'Enough player during walk', 1995, 71, 10, 3, 50),
(283, '9436511330880', 'Tough red national information', 1997, 51, 8, 5, 241),
(284, '5297104092321', 'Two range window foreign', 2022, 25, 4, 1, 133),
(285, '4930730860799', 'Present appear wonder wind', 2015, 43, 3, 1, 111),
(286, '4260961588291', 'Always between', 2023, 8, 6, 1, 303),
(287, '7836716695828', 'Rest learn', 2019, 12, 5, 3, 295),
(288, '8951034999203', 'Hit watch rich', 2020, 25, 6, 1, 234),
(289, '5734388542156', 'Line church', 2015, 63, 4, 5, 172),
(290, '9706596084315', 'Return these fire choice', 2014, 45, 2, 1, 236),
(291, '3839333048039', 'Number past want nation', 2014, 49, 9, 4, 168),
(292, '0478655083168', 'Task try us its crime', 2021, 17, 4, 2, 189),
(293, '1217236857289', 'Left fight lot finish', 2023, 65, 8, 4, 335),
(294, '8436530714067', 'Ok itself force especially', 2020, 4, 9, 2, 30),
(295, '8727604599598', 'News follow response third', 2005, 22, 7, 5, 177),
(296, '7683342096386', 'Myself and success story', 2015, 68, 2, 2, 17),
(297, '1375642256259', 'Hold candidate side', 2021, 25, 10, 5, 71),
(298, '8867910320325', 'Develop civil money perhaps', 2024, 61, 5, 5, 202),
(299, '9199938646159', 'Design business mind', 2015, 36, 7, 1, 221),
(300, '4645311290854', 'Trial according message mouth', 1995, 69, 7, 2, 170),

(301, '2858394463469', 'Cell common', 2018, 26, 10, 5, 204),
(302, '2909799890177', 'Court affect benefit member', 2011, 53, 9, 2, 128),
(303, '9117468202285', 'See improve civil', 2016, 42, 9, 1, 8),
(304, '1576033778258', 'Especially structure approach', 2025, 13, 8, 2, 150),
(305, '1393631290708', 'Around once remain simple', 2007, 29, 6, 4, 66),
(306, '9813144600924', 'Before indicate church pressure', 2016, 56, 4, 2, 107),
(307, '8654255290666', 'State term eight', 2010, 74, 7, 5, 71),
(308, '7977873054368', 'Realize building', 2020, 44, 10, 5, 304),
(309, '1617890289103', 'Identify type', 2012, 59, 5, 5, 198),
(310, '3805499529329', 'Food year meet need', 2024, 57, 2, 1, 267),
(311, '7920921567183', 'Hospital create in cover', 2025, 58, 5, 1, 321),
(312, '1759456046793', 'Manage although city minute', 1995, 61, 10, 1, 126),
(313, '3041505597856', 'Nothing top', 2024, 20, 8, 4, 35),
(314, '5187699836504', 'Toward maybe serve health', 2012, 40, 3, 5, 333),
(315, '3856606604653', 'Issue laugh current', 2011, 48, 9, 3, 122),
(316, '0501739425351', 'Partner offer perform', 1998, 45, 4, 2, 332),
(317, '2851939934296', 'May room', 2014, 39, 9, 1, 121),
(318, '9542037593539', 'Concern oil career', 2014, 15, 8, 3, 260),
(319, '6268969587510', 'Simply each as every shake', 1997, 62, 8, 5, 277),
(320, '7882693431661', 'Accept ready director responsibility', 2017, 52, 8, 2, 232),
(321, '8831814680347', 'Course same peace', 2025, 70, 9, 3, 55),
(322, '4706027782239', 'Green six institution too not', 2025, 65, 2, 5, 211),
(323, '3415286060451', 'Visit visit evidence', 2024, 36, 2, 2, 28),
(324, '8844375734952', 'Weight vote scene', 2011, 23, 9, 4, 134),
(325, '3336797616671', 'Attack around sit', 2022, 43, 3, 3, 237),
(326, '0450705772767', 'Wrong money speech', 2022, 30, 4, 3, 81),
(327, '0236762438192', 'Authority tough establish full', 2024, 40, 1, 5, 172),
(328, '6748903276360', 'Bar enough goal', 2020, 28, 1, 1, 182),
(329, '6892707321784', 'First various really', 2021, 27, 6, 1, 86),
(330, '6284746894152', 'Include Republican trouble challenge', 2011, 26, 1, 3, 43),
(331, '7377377345355', 'Become relationship letter', 2013, 26, 9, 2, 177),
(332, '8007113246490', 'Necessary important never number', 2011, 7, 7, 2, 3),
(333, '9399617997631', 'Price today want soldier', 2014, 9, 2, 5, 68),
(334, '2360734578497', 'Huge then three', 2017, 52, 1, 5, 130),
(335, '3809187312616', 'Here back more', 2022, 11, 10, 1, 229),
(336, '6793944989247', 'Figure today at', 2009, 45, 9, 2, 152),
(337, '4755475398873', 'Team thought senior education', 2025, 33, 1, 2, 324),
(338, '0647668263107', 'Difficult politics blood face perform', 2023, 30, 10, 2, 139),
(339, '9813475310679', 'Authority could market during blood', 2008, 15, 7, 2, 75),
(340, '0760572621946', 'Change air court', 2013, 44, 1, 5, 256),
(341, '7684455116631', 'Wall piece central', 2023, 52, 1, 3, 110),
(342, '2017050295481', 'Sell bank', 2016, 48, 7, 2, 307),
(343, '1446084472433', 'Mention health guy threat', 2018, 75, 6, 3, 121),
(344, '2736137844334', 'Style way', 2020, 47, 4, 1, 213),
(345, '5500811299396', 'Question cover leave wide', 2016, 66, 7, 1, 119),
(346, '3857121263728', 'Road democratic piece support thing', 2003, 13, 4, 4, 140),
(347, '0386865351105', 'Nice wait open about', 2019, 73, 2, 1, 277),
(348, '3046129380787', 'Describe relationship newspaper close door', 2022, 66, 5, 4, 10),
(349, '7818354172991', 'Senior get opportunity', 2019, 33, 8, 1, 313),
(350, '4421241942071', 'Road several lawyer around', 2017, 30, 9, 3, 7),
(351, '6875553651119', 'Surface heart around', 2012, 43, 6, 3, 300),
(352, '3629339068348', 'Heart send ready', 2009, 5, 6, 3, 36),
(353, '9330887537849', 'Reflect city eat once hotel', 2023, 67, 6, 2, 115),
(354, '6591935561613', 'Cover go piece check', 2012, 38, 6, 2, 64),
(355, '7825579259712', 'Often pretty administration prove', 2013, 13, 10, 3, 213),
(356, '4208643548425', 'Case happen card cultural', 1998, 58, 3, 2, 245),
(357, '1927311820155', 'Painting hundred', 2021, 37, 4, 4, 111),
(358, '6591427330516', 'Partner few', 2016, 52, 4, 2, 15),
(359, '1063712949665', 'Price tree serious begin', 1995, 3, 6, 5, 260),
(360, '4510409334345', 'Response expert', 2016, 66, 7, 5, 145),
(361, '4233680300232', 'Stock near eye candidate than', 2017, 74, 4, 1, 282),
(362, '9502603816847', 'Free during someone', 2021, 11, 2, 2, 167),
(363, '8398834943914', 'Future third clear', 2023, 18, 5, 3, 92),
(364, '6555652630129', 'Set evening blood fine', 2024, 42, 2, 2, 344),
(365, '6952801986084', 'Law occur', 2014, 45, 2, 4, 109),
(366, '3730866630651', 'Debate writer step', 2018, 57, 10, 2, 340),
(367, '8858341102591', 'See girl open common shake', 2015, 27, 2, 5, 127),
(368, '7718268358999', 'Ten check two make', 2017, 20, 2, 4, 91),
(369, '2905158744334', 'Protect something culture than', 2009, 36, 2, 5, 182),
(370, '6825111946236', 'Machine significant benefit', 2012, 49, 4, 2, 240),
(371, '3327364096035', 'South television', 2014, 48, 9, 2, 45),
(372, '6993289170080', 'Policy weight its media', 2020, 32, 6, 4, 333),
(373, '2627438941333', 'Themselves candidate interesting instead', 2020, 36, 9, 3, 235),
(374, '5377640724352', 'Grow simply reason sister build', 2023, 31, 2, 2, 329),
(375, '5731557038457', 'Up oil choose wrong', 2021, 20, 9, 1, 261),
(376, '4261539240714', 'Serious executive somebody', 2011, 48, 5, 2, 99),
(377, '5563740659604', 'Fund born common surface describe', 2016, 27, 3, 4, 270),
(378, '5697867919862', 'Western teacher true', 2012, 34, 4, 5, 318),
(379, '7023448667288', 'Good language admit reveal happy', 2018, 59, 5, 3, 141),
(380, '8210731113347', 'Somebody take fire yard', 1998, 63, 9, 2, 135),
(381, '3156833582286', 'Sea brother go majority', 2000, 21, 3, 2, 348),
(382, '2373970664490', 'Bill that director network major', 2014, 73, 3, 4, 83),
(383, '8551830996929', 'Step let no', 1999, 21, 6, 3, 185),
(384, '9391617106615', 'Ask cultural', 2022, 72, 7, 5, 105),
(385, '3030362054017', 'Case direction beyond nation', 2025, 38, 6, 1, 288),
(386, '7766325308977', 'Meet floor couple quickly', 2020, 35, 8, 5, 319),
(387, '6082283715579', 'Affect peace say loss', 2010, 32, 8, 3, 233),
(388, '3417432613812', 'Weight talk ground', 2016, 26, 6, 2, 129),
(389, '5085419842977', 'She news American couple life', 2016, 19, 9, 5, 62),
(390, '8932800502317', 'Door remain arrive', 2006, 54, 9, 3, 241),
(391, '5165504265657', 'How century difficult', 2007, 75, 2, 4, 6),
(392, '5261152954274', 'Black side smile', 1995, 30, 2, 4, 107),
(393, '6138549117023', 'Peace practice piece everyone travel', 2003, 11, 7, 4, 268),
(394, '4460249063594', 'Challenge appear administration night', 2000, 11, 8, 1, 13),
(395, '1631853847026', 'Food serious assume party she', 2017, 49, 9, 2, 254),
(396, '5034609585735', 'Though among go number', 2006, 55, 10, 5, 33),
(397, '5138674195333', 'Order mission alone', 2008, 34, 5, 1, 262),
(398, '7140644568514', 'Sister wall case dark', 2012, 34, 1, 1, 319),
(399, '2783213482877', 'Happy enough training catch', 2023, 63, 2, 1, 2),
(400, '9845772895296', 'Chance various', 1997, 36, 9, 2, 204),
(401, '3970364945165', 'Never order', 2014, 5, 10, 1, 331),
(402, '9298982183631', 'Trouble particularly threat manage owner', 2006, 72, 10, 3, 18),
(403, '3475641103664', 'Old source system democratic', 1995, 32, 4, 3, 240),
(404, '1221595796523', 'Media debate establish', 2011, 74, 9, 1, 323),
(405, '3763553679652', 'Mind western threat each', 2016, 50, 1, 2, 335),
(406, '4757157995298', 'South reason act security firm', 2017, 44, 1, 3, 342),
(407, '2288171498211', 'Here director even', 2007, 55, 9, 5, 28),
(408, '2530573337387', 'Send candidate read establish treatment', 2019, 12, 6, 2, 188),
(409, '6010357955460', 'Cause figure particular', 1997, 19, 4, 1, 24),
(410, '4439704748019', 'Measure hundred thus', 1996, 64, 1, 3, 340),
(411, '3767011816916', 'During through heart', 2018, 19, 3, 4, 318),
(412, '9273189274601', 'Laugh human movement', 2022, 69, 2, 4, 84),
(413, '7903053876160', 'Hold ahead perform off', 2020, 69, 4, 5, 21),
(414, '9615938285751', 'Media not prepare', 2018, 42, 4, 3, 125),
(415, '8418070018531', 'Red street sometimes', 2021, 22, 9, 1, 346),
(416, '6093870503732', 'Play week', 2023, 26, 4, 4, 80),
(417, '2098381290288', 'Mission ago response size their', 2011, 30, 3, 5, 6),
(418, '0121787749241', 'Blood bit capital', 2012, 19, 5, 1, 70),
(419, '6228979217274', 'Behind side usually citizen', 2013, 62, 10, 2, 159),
(420, '8469969660297', 'Give dream win figure', 2024, 63, 10, 3, 34),
(421, '5140100773537', 'Number heavy read green something', 1996, 45, 10, 4, 338),
(422, '2445023316212', 'Enter for remember', 2021, 59, 5, 3, 109),
(423, '9333545806118', 'Third friend our', 2012, 40, 2, 3, 156),
(424, '0293636061037', 'Your growth usually', 2003, 6, 6, 1, 335),
(425, '7388318165019', 'Fine ability feeling', 1998, 63, 8, 1, 63),
(426, '6069157259846', 'Trial senior relate', 2016, 64, 8, 3, 293),
(427, '8677356767381', 'Girl social reality', 1997, 31, 8, 2, 9),
(428, '9516328929105', 'Social be', 2012, 66, 5, 5, 251),
(429, '2531394104588', 'Ever evening news', 2012, 53, 2, 2, 255),
(430, '8273937030595', 'Thing attention method serious', 2016, 43, 1, 1, 252),
(431, '2767955992330', 'Science project across', 2023, 13, 6, 5, 140),
(432, '1695739611471', 'Effect upon never', 2014, 65, 6, 5, 79),
(433, '5043672794377', 'Girl foreign must fish article', 2017, 70, 7, 4, 141),
(434, '6565459713117', 'Light maintain age', 1999, 2, 4, 5, 328),
(435, '1933174822321', 'Later some such year', 2008, 3, 6, 5, 155),
(436, '5354641682864', 'Item power article', 2024, 1, 6, 2, 300),
(437, '7227482789304', 'Avoid similar garden', 2010, 22, 6, 5, 220),
(438, '3422632512693', 'Your bed both', 2017, 43, 6, 5, 72),
(439, '2263747874260', 'Medical candidate matter', 2019, 63, 4, 3, 313),
(440, '2412050225954', 'Deal check rock hard perform', 2020, 45, 4, 4, 262),
(441, '0355270928981', 'Purpose recognize set', 1995, 32, 3, 5, 336),
(442, '3017715242949', 'Especially sense federal personal', 2023, 74, 4, 5, 262),
(443, '3599584360885', 'Money role mission', 2013, 8, 4, 5, 288),
(444, '8394660202819', 'My movement message for full', 2003, 61, 2, 5, 159),
(445, '3538783741955', 'Name effort start', 1996, 47, 3, 5, 309),
(446, '5312601859156', 'North building thing', 2018, 10, 9, 2, 169),
(447, '0997422006699', 'Trouble require entire', 2019, 2, 1, 5, 306),
(448, '6144115795564', 'Garden dream by personal', 2018, 1, 8, 4, 343),
(449, '6250381034817', 'Current article source', 2020, 47, 9, 5, 233),
(450, '1559123985752', 'Network drive level', 2010, 18, 6, 1, 160),

(451, '7112604353313', 'Case land share', 2021, 46, 7, 1, 275),
(452, '5728593500484', 'Decade meet could', 1998, 41, 6, 5, 279),
(453, '0875873139803', 'Ready bit', 2023, 16, 7, 5, 8),
(454, '3441559974520', 'Baby party', 2020, 20, 2, 1, 133),
(455, '9051945891471', 'Talk article remain', 2015, 48, 4, 5, 180),
(456, '1066025189272', 'Administration drive single', 2024, 45, 4, 4, 289),
(457, '9289772041907', 'Fly leave movie', 2017, 3, 9, 5, 138),
(458, '7785431204833', 'Public and', 1998, 50, 1, 3, 201),
(459, '0385330593606', 'Save or', 2021, 17, 1, 4, 133),
(460, '5662850368334', 'Peace performance the beat', 2021, 59, 1, 1, 265),
(461, '8447990736381', 'Always natural today ok', 2011, 64, 9, 4, 302),
(462, '4949276521882', 'Quite ability health baby', 2022, 4, 8, 1, 225),
(463, '3380251643621', 'Chair law easy', 2010, 57, 7, 1, 303),
(464, '2760067607290', 'Base author maintain man', 2019, 20, 5, 5, 88),
(465, '3551839270386', 'Leave environment behind general', 1996, 23, 9, 4, 2),
(466, '3240380375697', 'Now back try seat source', 2014, 7, 2, 1, 171),
(467, '3839210500237', 'Feel summer alone tree', 2000, 21, 6, 2, 157),
(468, '0606283259215', 'Main hotel beautiful interesting', 2015, 40, 10, 3, 239),
(469, '2794191237966', 'Effort PM author up', 2006, 42, 3, 1, 139),
(470, '6334207488317', 'Affect medical return forward', 2012, 39, 8, 2, 117),
(471, '4729735519969', 'Sister happen issue', 2013, 51, 1, 3, 186),
(472, '4652320030392', 'Candidate boy some drop', 2017, 37, 1, 5, 88),
(473, '9062070550460', 'Size evening issue', 2020, 61, 1, 4, 122),
(474, '9603930857833', 'Major fight', 2024, 29, 7, 2, 207),
(475, '3331232065813', 'Week place mission person', 2012, 56, 9, 1, 261),
(476, '3248143800811', 'Order without get step', 2018, 75, 1, 2, 172),
(477, '3077631157548', 'Thought let city back', 2016, 29, 2, 3, 291),
(478, '3397495358381', 'Paper performance sound clear able', 1998, 68, 1, 1, 280),
(479, '5367931680438', 'Take it soon', 2010, 16, 9, 4, 89),
(480, '0653648665543', 'Business name', 2018, 49, 4, 5, 9),
(481, '8184231173133', 'Discuss part current', 2025, 20, 5, 5, 314),
(482, '0536966619898', 'Discover far', 2006, 48, 7, 5, 87),
(483, '7344652029948', 'Enter young', 2010, 33, 1, 1, 290),
(484, '4934190068095', 'Purpose safe ability above prevent', 2025, 51, 4, 4, 139),
(485, '5776669666141', 'Bed effect system night', 2021, 3, 4, 3, 177),
(486, '2685750016431', 'Attack share', 2013, 48, 2, 4, 33),
(487, '8541065351534', 'Kitchen this according free', 2021, 69, 8, 4, 113),
(488, '4964549324055', 'Account after operation', 2024, 36, 6, 3, 27),
(489, '6544394358225', 'Allow television term indeed tonight', 2023, 14, 1, 2, 251),
(490, '6847404875867', 'Cell talk energy seek', 2023, 6, 5, 1, 24),
(491, '0966729975114', 'Carry avoid part kind', 2024, 15, 1, 5, 64),
(492, '0427727155142', 'Game song', 2025, 48, 8, 5, 41),
(493, '9292451589938', 'Sport sound system forward', 2016, 20, 9, 2, 188),
(494, '0699985168714', 'Choice film once author', 2025, 34, 4, 1, 313),
(495, '5889180967283', 'Set military some', 2012, 15, 6, 3, 63),
(496, '8939096271155', 'Will director fill', 2023, 2, 10, 1, 82),
(497, '4742407103669', 'Medical he mother really', 2014, 46, 1, 4, 127),
(498, '1723711557245', 'Increase popular', 2018, 64, 6, 4, 302),
(499, '0369386731634', 'Explain reality draw sister', 2015, 6, 5, 3, 88),
(500, '6540271790471', 'Dream treatment thousand production exist', 2022, 5, 3, 4, 294);

--INSERT Copy
INSERT INTO Copy(Copy_ID, Item_ID, Status) VALUES
(1, 1, 'Available'),
(2, 1, 'Available'),
(3, 1, 'Available'),
(4, 1, 'Available'),
(5, 2, 'Available'),
(6, 2, 'Available'),
(7, 3, 'Available'),
(8, 3, 'Available'), 
(9, 3, 'Available'),
(10, 4, 'Available'),
(11, 5, 'Available'),
(12, 5, 'Available'),
(13, 5, 'Available'),
(14, 5, 'Available'),
(15, 6, 'Available'),
(16, 6, 'CheckedOut'),
(17, 6, 'Available'),
(18, 6, 'Available'),
(19, 6, 'Available'),
(20, 7, 'CheckedOut'),
(21, 8, 'Available'),
(22, 8, 'Available'),
(23, 8, 'Available'),
(24, 8, 'Available'),
(25, 9, 'Available'),
(26, 10, 'Available'),
(27, 10, 'Available'),
(28, 10, 'Available'),
(29, 10, 'Available'),
(30, 10, 'Available'),
(31, 11, 'Available'),
(32, 11, 'Available'),
(33, 12, 'Available'),
(34, 12, 'Available'),
(35, 12, 'Available'),
(36, 12, 'CheckedOut'),
(37, 13, 'Available'),
(38, 13, 'Available'),
(39, 13, 'Available'),
(40, 13, 'Available'),
(41, 13, 'Available'),
(42, 14, 'CheckedOut'),
(43, 14, 'CheckedOut'),
(44, 14, 'Available'),
(45, 14, 'Available'),
(46, 14, 'Available'),
(47, 15, 'Available'),
(48, 15, 'Available'),
(49, 15, 'Available'),
(50, 15, 'Available'),
(51, 15, 'Available'),
(52, 16, 'Available'),
(53, 16, 'Available'),
(54, 16, 'Available'),
(55, 16, 'Available'),
(56, 17, 'CheckedOut'),
(57, 17, 'Available'),
(58, 17, 'Available'),
(59, 17, 'Available'),
(60, 18, 'Available'),
(61, 18, 'CheckedOut'),
(62, 18, 'Available'),
(63, 19, 'Available'),
(64, 19, 'Available'),
(65, 20, 'Available'),
(66, 20, 'Available'),
(67, 20, 'Available'),
(68, 21, 'Available'),
(69, 21, 'Available'),
(70, 21, 'Available'),
(71, 21, 'Available'),
(72, 22, 'Available'),
(73, 22, 'Available'),
(74, 22, 'Available'),
(75, 22, 'Available'),
(76, 22, 'Available'),
(77, 23, 'Available'),
(78, 24, 'Available'),
(79, 24, 'Available'),
(80, 24, 'CheckedOut'),
(81, 25, 'Available'),
(82, 25, 'Available'),
(83, 25, 'Available'),
(84, 25, 'Available'),
(85, 25, 'Available'),
(86, 26, 'Available'),
(87, 27, 'Available'),
(88, 27, 'Available'),
(89, 27, 'Available'),
(90, 28, 'Available'),
(91, 28, 'Available'),
(92, 29, 'Available'),
(93, 29, 'CheckedOut'),
(94, 29, 'CheckedOut'),
(95, 30, 'Available'),
(96, 30, 'Available'),
(97, 30, 'Available'),
(98, 31, 'Available'),
(99, 31, 'Available'),
(100, 31, 'Available'),
(101, 31, 'Available'),
(102, 31, 'Available'),
(103, 32, 'Available'),
(104, 32, 'Available'),
(105, 32, 'Available'),
(106, 32, 'Available'),
(107, 32, 'CheckedOut'),
(108, 33, 'Available'),
(109, 33, 'CheckedOut'),
(110, 33, 'Available'),
(111, 34, 'Available'),
(112, 34, 'Available'),
(113, 34, 'Available'),
(114, 35, 'Available'),
(115, 35, 'Available'),
(116, 35, 'Available'),
(117, 36, 'Available'),
(118, 36, 'Available'),
(119, 36, 'Available'),
(120, 36, 'Available'),
(121, 37, 'CheckedOut'),
(122, 37, 'Available'),
(123, 37, 'Available'),
(124, 38, 'Available'),
(125, 38, 'Available'),
(126, 39, 'Available'),
(127, 39, 'Available'),
(128, 39, 'CheckedOut'),
(129, 39, 'CheckedOut'),
(130, 39, 'Available'),
(131, 40, 'Available'),
(132, 40, 'Available'),
(133, 40, 'Available'),
(134, 40, 'Available'),
(135, 41, 'Available'),
(136, 41, 'Available'),
(137, 42, 'Available'),
(138, 42, 'Available'),
(139, 43, 'Available'),
(140, 43, 'Available'),
(141, 44, 'Available'),
(142, 44, 'Available'),
(143, 45, 'Available'),
(144, 45, 'Available'),
(145, 45, 'Available'),
(146, 45, 'CheckedOut'),
(147, 46, 'Available'),
(148, 46, 'Available'),
(149, 46, 'Available'),
(150, 47, 'Available'),
(151, 48, 'Available'),
(152, 48, 'Available'),
(153, 49, 'Available'),
(154, 49, 'CheckedOut'),
(155, 49, 'CheckedOut'),
(156, 49, 'Available'),
(157, 50, 'Available'),
(158, 50, 'Available'),
(159, 50, 'Available'),
(160, 51, 'Available'),
(161, 51, 'Available'),
(162, 52, 'Available'),
(163, 52, 'Available'),
(164, 52, 'Available'),
(165, 52, 'Available'),
(166, 52, 'Available'),
(167, 53, 'Available'),
(168, 53, 'Available'),
(169, 53, 'Available'),
(170, 54, 'Available'),
(171, 54, 'Available'),
(172, 54, 'Available'),
(173, 55, 'Available'),
(174, 56, 'Available'),
(175, 56, 'Available'),
(176, 56, 'Available'),
(177, 56, 'Available'),
(178, 56, 'Available'),
(179, 57, 'Available'),
(180, 57, 'Available'),
(181, 57, 'CheckedOut'),
(182, 58, 'Available'),
(183, 58, 'Available'),
(184, 58, 'Available'),
(185, 58, 'Available'),
(186, 59, 'Available'),
(187, 60, 'Available'),
(188, 60, 'Available'),
(189, 61, 'Available'),
(190, 61, 'Available'),
(191, 61, 'CheckedOut'),
(192, 61, 'Available'),
(193, 61, 'Available'),
(194, 62, 'Available'),
(195, 62, 'CheckedOut'),
(196, 62, 'Available'),
(197, 62, 'Available'),
(198, 62, 'Available'),
(199, 63, 'Available'),
(200, 63, 'Available'),
(201, 63, 'Available'),
(202, 64, 'Available'),
(203, 64, 'Available'),
(204, 64, 'Available'),
(205, 65, 'Available'),
(206, 65, 'Available'),
(207, 65, 'Available'),
(208, 65, 'Available'),
(209, 66, 'Available'),
(210, 66, 'Available'),
(211, 66, 'Available'),
(212, 67, 'Available'),
(213, 68, 'Available'),
(214, 68, 'Available'),
(215, 68, 'Available'),
(216, 68, 'Available'),
(217, 69, 'Available'),
(218, 69, 'Available'),
(219, 69, 'Available'),
(220, 69, 'Available'),
(221, 70, 'Available'),
(222, 71, 'Available'),
(223, 72, 'Available'),
(224, 72, 'Available'),
(225, 72, 'Available'),
(226, 72, 'Available'),
(227, 73, 'Available'),
(228, 74, 'Available'),
(229, 74, 'CheckedOut'),
(230, 74, 'CheckedOut'),
(231, 74, 'Available'),
(232, 74, 'Available'),
(233, 75, 'Available'),
(234, 75, 'Available'),
(235, 75, 'Available'),
(236, 75, 'Available'),
(237, 76, 'Available'),
(238, 76, 'Available'),
(239, 76, 'Available'),
(240, 77, 'Available'),
(241, 77, 'Available'),
(242, 77, 'Available'),
(243, 78, 'Available'),
(244, 78, 'Available'),
(245, 78, 'Available'),
(246, 78, 'CheckedOut'),
(247, 78, 'Available'),
(248, 79, 'Available'),
(249, 79, 'Available'),
(250, 79, 'Available'),
(251, 79, 'Available'),
(252, 80, 'Available'),
(253, 81, 'Available'),
(254, 81, 'Available'),
(255, 81, 'Available'),
(256, 82, 'Available'),
(257, 82, 'Available'),
(258, 82, 'Available'),
(259, 82, 'Available'),
(260, 82, 'Available'),
(261, 83, 'CheckedOut'),
(262, 84, 'Available'),
(263, 84, 'Available'),
(264, 84, 'Available'),
(265, 85, 'Available'),
(266, 85, 'Available'),
(267, 85, 'Available'),
(268, 85, 'Available'),
(269, 86, 'CheckedOut'),
(270, 86, 'CheckedOut'),
(271, 86, 'Available'),
(272, 86, 'Available'),
(273, 87, 'Available'),
(274, 87, 'Available'),
(275, 87, 'Available'),
(276, 87, 'Available'),
(277, 87, 'Available'),
(278, 88, 'Available'),
(279, 89, 'Available'),
(280, 90, 'Available'),
(281, 90, 'Available'),
(282, 90, 'Available'),
(283, 90, 'Available'),
(284, 91, 'Available'),
(285, 92, 'Available'),
(286, 93, 'Available'),
(287, 93, 'Available'),
(288, 93, 'CheckedOut'),
(289, 93, 'Available'),
(290, 94, 'Available'),
(291, 94, 'Available'),
(292, 94, 'Available'),
(293, 94, 'Available'),
(294, 94, 'Available'),
(295, 95, 'Available'),
(296, 96, 'CheckedOut'),
(297, 97, 'Available'),
(298, 97, 'Available'),
(299, 98, 'Available'),
(300, 98, 'Available'),
(301, 98, 'Available'),
(302, 99, 'Available'),
(303, 99, 'Available'),
(304, 99, 'Available'),
(305, 100, 'Available'),
(306, 100, 'Available'),
(307, 100, 'Available'),
(308, 100, 'CheckedOut'),
(309, 101, 'Available'),
(310, 101, 'Available'),
(311, 101, 'Available'),
(312, 102, 'Available'),
(313, 103, 'Available'),
(314, 103, 'Available'),
(315, 103, 'Available'),
(316, 103, 'Available'),
(317, 103, 'Available'),
(318, 104, 'CheckedOut'),
(319, 104, 'Available'),
(320, 104, 'Available'),
(321, 104, 'Available'),
(322, 104, 'Available'),
(323, 105, 'Available'),
(324, 105, 'CheckedOut'),
(325, 105, 'CheckedOut'),
(326, 106, 'Available'),
(327, 106, 'Available'),
(328, 107, 'Available'),
(329, 107, 'Available'),
(330, 107, 'Available'),
(331, 107, 'Available'),
(332, 107, 'Available'),
(333, 108, 'Available'),
(334, 108, 'Available'),
(335, 108, 'Available'),
(336, 108, 'Available'),
(337, 108, 'Available'),
(338, 109, 'Available'),
(339, 110, 'CheckedOut'),
(340, 111, 'Available'),
(341, 111, 'Available'),
(342, 112, 'Available'),
(343, 112, 'Available'),
(344, 112, 'Available'),
(345, 112, 'Available'),
(346, 112, 'Available'),
(347, 113, 'Available'),
(348, 113, 'Available'),
(349, 113, 'Available'),
(350, 114, 'Available'),
(351, 114, 'Available'),
(352, 114, 'CheckedOut'),
(353, 114, 'CheckedOut'),
(354, 115, 'Available'),
(355, 115, 'Available'),
(356, 115, 'Available'),
(357, 115, 'Available'),
(358, 116, 'Available'),
(359, 116, 'Available'),
(360, 117, 'Available'),
(361, 117, 'Available'),
(362, 117, 'Available'),
(363, 117, 'Available'),
(364, 118, 'Available'),
(365, 118, 'CheckedOut'),
(366, 118, 'Available'),
(367, 118, 'Available'),
(368, 118, 'Available'),
(369, 119, 'Available'),
(370, 119, 'Available'),
(371, 119, 'Available'),
(372, 119, 'Available'),
(373, 120, 'CheckedOut'),
(374, 120, 'Available'),
(375, 120, 'Available'),
(376, 120, 'Available'),
(377, 121, 'Available'),
(378, 121, 'Available'),
(379, 121, 'Available'),
(380, 121, 'Available'),
(381, 122, 'Available'),
(382, 123, 'CheckedOut'),
(383, 123, 'CheckedOut'),
(384, 123, 'CheckedOut'),
(385, 124, 'Available'),
(386, 124, 'Available'),
(387, 124, 'Available'),
(388, 124, 'Available'),
(389, 125, 'Available'),
(390, 125, 'Available'),
(391, 125, 'Available'),
(392, 126, 'Available'),
(393, 126, 'Available'),
(394, 126, 'Available'),
(395, 127, 'Available'),
(396, 127, 'Available'),
(397, 127, 'Available'),
(398, 127, 'Available'),
(399, 128, 'Available'),
(400, 128, 'Available'),
(401, 128, 'Available'),
(402, 129, 'Available'),
(403, 129, 'Available'),
(404, 129, 'Available'),
(405, 130, 'CheckedOut'),
(406, 130, 'Available'),
(407, 131, 'Available'),
(408, 131, 'Available'),
(409, 131, 'Available'),
(410, 131, 'Available'),
(411, 131, 'Available'),
(412, 132, 'Available'),
(413, 132, 'Available'),
(414, 132, 'Available'),
(415, 133, 'Available'),
(416, 133, 'Available'),
(417, 133, 'Available'),
(418, 134, 'Available'),
(419, 134, 'Available'),
(420, 134, 'Available'),
(421, 134, 'Available'),
(422, 134, 'Available'),
(423, 135, 'CheckedOut'),
(424, 136, 'Available'),
(425, 137, 'Available'),
(426, 137, 'Available'),
(427, 138, 'Available'),
(428, 138, 'Available'),
(429, 138, 'Available'),
(430, 138, 'Available'),
(431, 138, 'Available'),
(432, 139, 'Available'),
(433, 139, 'Available'),
(434, 139, 'Available'),
(435, 140, 'Available'),
(436, 140, 'Available'),
(437, 140, 'Available'),
(438, 141, 'CheckedOut'),
(439, 141, 'CheckedOut'),
(440, 141, 'Available'),
(441, 141, 'Available'),
(442, 142, 'Available'),
(443, 143, 'Available'),
(444, 143, 'Available'),
(445, 144, 'Available'),
(446, 144, 'Available'),
(447, 145, 'Available'),
(448, 145, 'Available'),
(449, 145, 'Available'),
(450, 146, 'Available'),
(451, 146, 'Available'),
(452, 146, 'Available'),
(453, 147, 'Available'),
(454, 147, 'Available'),
(455, 147, 'Available'),
(456, 147, 'Available'),
(457, 147, 'Available'),
(458, 148, 'Available'),
(459, 148, 'Available'),
(460, 148, 'Available'),
(461, 149, 'Available'),
(462, 149, 'Available'),
(463, 150, 'Available'),
(464, 150, 'CheckedOut'),
(465, 150, 'Available'),
(466, 150, 'Available'),
(467, 151, 'Available'),
(468, 152, 'Available'),
(469, 152, 'Available'),
(470, 152, 'Available'),
(471, 153, 'CheckedOut'),
(472, 153, 'CheckedOut'),
(473, 153, 'Available'),
(474, 153, 'Available'),
(475, 154, 'Available'),
(476, 154, 'Available'),
(477, 155, 'Available'),
(478, 155, 'Available'),
(479, 155, 'Available'),
(480, 156, 'Available'),
(481, 156, 'Available'),
(482, 156, 'CheckedOut'),
(483, 156, 'Available'),
(484, 157, 'Available'),
(485, 157, 'Available'),
(486, 158, 'Available'),
(487, 158, 'Available'),
(488, 158, 'Available'),
(489, 159, 'Available'),
(490, 159, 'Available'),
(491, 159, 'Available'),
(492, 159, 'Available'),
(493, 160, 'Available'),
(494, 160, 'Available'),
(495, 160, 'Available'),
(496, 160, 'Available'),
(497, 161, 'Available'),
(498, 161, 'Available'),
(499, 161, 'Available'),
(500, 162, 'Available'),
(501, 162, 'Available'),
(502, 163, 'Available'),
(503, 163, 'Available'),
(504, 163, 'Available'),
(505, 163, 'Available'),
(506, 164, 'Available'),
(507, 164, 'Available'),
(508, 164, 'Available'),
(509, 165, 'Available'),
(510, 165, 'Available'),
(511, 165, 'Available'),
(512, 166, 'Available'),
(513, 166, 'Available'),
(514, 166, 'Available'),
(515, 166, 'Available'),
(516, 166, 'Available'),
(517, 167, 'Available'),
(518, 167, 'Available'),
(519, 168, 'Available'),
(520, 168, 'Available'),
(521, 168, 'Available'),
(522, 169, 'Available'),
(523, 170, 'Available'),
(524, 170, 'Available'),
(525, 171, 'Available'),
(526, 171, 'Available'),
(527, 172, 'Available'),
(528, 172, 'Available'),
(529, 172, 'Available'),
(530, 172, 'Available'),
(531, 172, 'Available'),
(532, 173, 'Available'),
(533, 173, 'Available'),
(534, 173, 'Available'),
(535, 173, 'Available'),
(536, 174, 'Available'),
(537, 174, 'Available'),
(538, 174, 'Available'),
(539, 174, 'Available'),
(540, 174, 'Available'),
(541, 175, 'Available'),
(542, 175, 'Available'),
(543, 175, 'Available'),
(544, 175, 'Available'),
(545, 176, 'Available'),
(546, 176, 'Available'),
(547, 176, 'Available'),
(548, 177, 'Available'),
(549, 177, 'Available'),
(550, 177, 'Available'),
(551, 177, 'Available'),
(552, 177, 'Available'),
(553, 178, 'Available'),
(554, 179, 'Available'),
(555, 179, 'Available'),
(556, 180, 'Available'),
(557, 181, 'Available'),
(558, 181, 'Available'),
(559, 182, 'CheckedOut'),
(560, 183, 'Available'),
(561, 183, 'Available'),
(562, 184, 'Available'),
(563, 185, 'Available'),
(564, 185, 'Available'),
(565, 186, 'Available'),
(566, 186, 'Available'),
(567, 186, 'Available'),
(568, 187, 'Available'),
(569, 188, 'Available'),
(570, 188, 'Available'),
(571, 188, 'Available'),
(572, 188, 'Available'),
(573, 189, 'Available'),
(574, 190, 'Available'),
(575, 191, 'Available'),
(576, 191, 'Available'),
(577, 191, 'Available'),
(578, 191, 'Available'),
(579, 191, 'Available'),
(580, 192, 'Available'),
(581, 192, 'Available'),
(582, 192, 'Available'),
(583, 192, 'Available'),
(584, 193, 'Available'),
(585, 193, 'Available'),
(586, 193, 'Available'),
(587, 193, 'Available'),
(588, 193, 'Available'),
(589, 194, 'Available'),
(590, 194, 'Available'),
(591, 194, 'Available'),
(592, 194, 'Available'),
(593, 194, 'Available'),
(594, 195, 'Available'),
(595, 196, 'Available'),
(596, 196, 'Available'),
(597, 197, 'Available'),
(598, 198, 'CheckedOut'),
(599, 198, 'CheckedOut'),
(600, 199, 'Available'),
(601, 199, 'Available'),
(602, 200, 'Available'),
(603, 201, 'Available'),
(604, 201, 'Available'),
(605, 201, 'Available'),
(606, 202, 'Available'),
(607, 202, 'Available'),
(608, 203, 'Available'),
(609, 203, 'CheckedOut'),
(610, 203, 'Available'),
(611, 203, 'Available'),
(612, 204, 'Available'),
(613, 204, 'Available'),
(614, 205, 'Available'),
(615, 206, 'CheckedOut'),
(616, 206, 'CheckedOut'),
(617, 207, 'Available'),
(618, 207, 'Available'),
(619, 207, 'Available'),
(620, 207, 'Available'),
(621, 208, 'Available'),
(622, 208, 'CheckedOut'),
(623, 208, 'CheckedOut'),
(624, 208, 'Available'),
(625, 208, 'Available'),
(626, 209, 'Available'),
(627, 209, 'Available'),
(628, 209, 'Available'),
(629, 209, 'Available'),
(630, 209, 'Available'),
(631, 210, 'Available'),
(632, 210, 'Available'),
(633, 211, 'Available'),
(634, 211, 'Available'),
(635, 211, 'Available'),
(636, 212, 'Available'),
(637, 212, 'Available'),
(638, 213, 'Available'),
(639, 213, 'Available'),
(640, 213, 'Available'),
(641, 214, 'Available'),
(642, 214, 'Available'),
(643, 215, 'Available'),
(644, 215, 'Available'),
(645, 216, 'Available'),
(646, 217, 'Available'),
(647, 218, 'Available'),
(648, 218, 'Available'),
(649, 218, 'Available'),
(650, 218, 'Available'),
(651, 218, 'Available'),
(652, 219, 'Available'),
(653, 219, 'Available'),
(654, 219, 'Available'),
(655, 220, 'Available'),
(656, 220, 'Available'),
(657, 221, 'Available'),
(658, 221, 'Available'),
(659, 221, 'Available'),
(660, 222, 'CheckedOut'),
(661, 222, 'Available'),
(662, 223, 'Available'),
(663, 223, 'Available'),
(664, 224, 'Available'),
(665, 224, 'Available'),
(666, 224, 'Available'),
(667, 224, 'Available'),
(668, 225, 'Available'),
(669, 225, 'Available'),
(670, 225, 'Available'),
(671, 226, 'Available'),
(672, 227, 'Available'),
(673, 227, 'Available'),
(674, 227, 'Available'),
(675, 227, 'Available'),
(676, 227, 'Available'),
(677, 228, 'Available'),
(678, 228, 'Available'),
(679, 228, 'Available'),
(680, 228, 'Available'),
(681, 229, 'Available'),
(682, 229, 'Available'),
(683, 229, 'Available'),
(684, 229, 'Available'),
(685, 229, 'Available'),
(686, 230, 'Available'),
(687, 230, 'Available'),
(688, 230, 'Available'),
(689, 231, 'Available'),
(690, 232, 'Available'),
(691, 232, 'Available'),
(692, 232, 'Available'),
(693, 232, 'Available'),
(694, 232, 'Available'),
(695, 233, 'Available'),
(696, 233, 'Available'),
(697, 234, 'Available'),
(698, 235, 'Available'),
(699, 235, 'Available'),
(700, 235, 'Available'),
(701, 235, 'Available'),
(702, 236, 'Available'),
(703, 236, 'Available'),
(704, 237, 'Available'),
(705, 237, 'Available'),
(706, 237, 'Available'),
(707, 238, 'Available'),
(708, 238, 'Available'),
(709, 239, 'Available'),
(710, 239, 'Available'),
(711, 239, 'Available'),
(712, 239, 'Available'),
(713, 240, 'Available'),
(714, 241, 'Available'),
(715, 241, 'Available'),
(716, 241, 'Available'),
(717, 241, 'Available'),
(718, 241, 'Available'),
(719, 242, 'Available'),
(720, 242, 'Available'),
(721, 242, 'Available'),
(722, 242, 'Available'),
(723, 242, 'Available'),
(724, 243, 'Available'),
(725, 243, 'Available'),
(726, 244, 'Available'),
(727, 244, 'Available'),
(728, 244, 'Available'),
(729, 244, 'Available'),
(730, 244, 'Available'),
(731, 245, 'Available'),
(732, 245, 'Available'),
(733, 245, 'Available'),
(734, 245, 'Available'),
(735, 245, 'Available'),
(736, 246, 'Available'),
(737, 246, 'Available'),
(738, 246, 'Available'),
(739, 246, 'Available'),
(740, 247, 'Available'),
(741, 247, 'Available'),
(742, 247, 'Available'),
(743, 247, 'Available'),
(744, 248, 'Available'),
(745, 248, 'Available'),
(746, 248, 'Available'),
(747, 249, 'Available'),
(748, 249, 'Available'),
(749, 250, 'Available'),
(750, 251, 'Available'),
(751, 251, 'Available'),
(752, 251, 'Available'),
(753, 251, 'Available'),
(754, 251, 'CheckedOut'),
(755, 252, 'Available'),
(756, 253, 'Available'),
(757, 253, 'Available'),
(758, 253, 'Available'),
(759, 253, 'Available'),
(760, 254, 'Available'),
(761, 254, 'Available'),
(762, 254, 'Available'),
(763, 255, 'Available'),
(764, 256, 'Available'),
(765, 256, 'Available'),
(766, 256, 'Available'),
(767, 257, 'Available'),
(768, 258, 'Available'),
(769, 258, 'Available'),
(770, 258, 'Available'),
(771, 258, 'Available'),
(772, 259, 'Available'),
(773, 259, 'Available'),
(774, 259, 'Available'),
(775, 259, 'Available'),
(776, 259, 'Available'),
(777, 260, 'Available'),
(778, 260, 'Available'),
(779, 260, 'Available'),
(780, 261, 'Available'),
(781, 261, 'Available'),
(782, 261, 'Available'),
(783, 261, 'Available'),
(784, 262, 'Available'),
(785, 262, 'Available'),
(786, 262, 'Available'),
(787, 263, 'Available'),
(788, 264, 'Available'),
(789, 264, 'Available'),
(790, 264, 'Available'),
(791, 264, 'Available'),
(792, 265, 'Available'),
(793, 265, 'Available'),
(794, 265, 'Available'),
(795, 266, 'Available'),
(796, 266, 'Available'),
(797, 267, 'Available'),
(798, 267, 'Available'),
(799, 267, 'Available'),
(800, 267, 'Available'),
(801, 267, 'Available'),
(802, 268, 'Available'),
(803, 268, 'Available'),
(804, 269, 'Available'),
(805, 269, 'Available'),
(806, 269, 'Available'),
(807, 270, 'Available'),
(808, 271, 'Available'),
(809, 272, 'Available'),
(810, 272, 'Available'),
(811, 272, 'Available'),
(812, 273, 'Available'),
(813, 273, 'Available'),
(814, 273, 'Available'),
(815, 273, 'Available'),
(816, 273, 'Available'),
(817, 274, 'Available'),
(818, 274, 'Available'),
(819, 275, 'Available'),
(820, 275, 'Available'),
(821, 276, 'Available'),
(822, 276, 'Available'),
(823, 276, 'Available'),
(824, 277, 'Available'),
(825, 278, 'Available'),
(826, 278, 'Available'),
(827, 278, 'Available'),
(828, 278, 'Available'),
(829, 278, 'Available'),
(830, 279, 'Available'),
(831, 279, 'Available'),
(832, 279, 'Available'),
(833, 279, 'Available'),
(834, 280, 'Available'),
(835, 280, 'Available'),
(836, 281, 'Available'),
(837, 281, 'Available'),
(838, 281, 'Available'),
(839, 281, 'Available'),
(840, 281, 'Available'),
(841, 282, 'Available'),
(842, 282, 'Available'),
(843, 282, 'Available'),
(844, 283, 'Available'),
(845, 283, 'Available'),
(846, 283, 'Available'),
(847, 283, 'Available'),
(848, 283, 'Available'),
(849, 284, 'Available'),
(850, 285, 'Available'),
(851, 286, 'Available'),
(852, 287, 'Available'),
(853, 287, 'CheckedOut'),
(854, 287, 'Available'),
(855, 288, 'Available'),
(856, 289, 'Available'),
(857, 289, 'Available'),
(858, 289, 'Available'),
(859, 289, 'Available'),
(860, 289, 'Available'),
(861, 290, 'Available'),
(862, 291, 'Available'),
(863, 291, 'Available'),
(864, 291, 'Available'),
(865, 291, 'Available'),
(866, 292, 'Available'),
(867, 292, 'Available'),
(868, 293, 'Available'),
(869, 293, 'Available'),
(870, 293, 'Available'),
(871, 293, 'Available'),
(872, 294, 'Available'),
(873, 294, 'Available'),
(874, 295, 'Available'),
(875, 295, 'Available'),
(876, 295, 'Available'),
(877, 295, 'Available'),
(878, 295, 'Available'),
(879, 296, 'Available'),
(880, 296, 'Available'),
(881, 297, 'Available'),
(882, 297, 'Available'),
(883, 297, 'Available'),
(884, 297, 'Available'),
(885, 297, 'Available'),
(886, 298, 'Available'),
(887, 298, 'Available'),
(888, 298, 'Available'),
(889, 298, 'Available'),
(890, 298, 'Available'),
(891, 299, 'Available'),
(892, 300, 'Available'),
(893, 300, 'Available'),
(894, 301, 'Available'),
(895, 301, 'Available'),
(896, 301, 'Available'),
(897, 301, 'Available'),
(898, 301, 'Available'),
(899, 302, 'Available'),
(900, 302, 'Available'),
(901, 303, 'Available'),
(902, 304, 'Available'),
(903, 304, 'Available'),
(904, 305, 'Available'),
(905, 305, 'Available'),
(906, 305, 'Available'),
(907, 305, 'Available'),
(908, 306, 'Available'),
(909, 306, 'Available'),
(910, 307, 'Available'),
(911, 307, 'Available'),
(912, 307, 'Available'),
(913, 307, 'Available'),
(914, 307, 'Available'),
(915, 308, 'Available'),
(916, 308, 'Available'),
(917, 308, 'Available'),
(918, 308, 'Available'),
(919, 308, 'Available'),
(920, 309, 'Available'),
(921, 309, 'Available'),
(922, 309, 'Available'),
(923, 309, 'Available'),
(924, 309, 'Available'),
(925, 310, 'Available'),
(926, 311, 'Available'),
(927, 312, 'Available'),
(928, 313, 'Available'),
(929, 313, 'Available'),
(930, 313, 'Available'),
(931, 313, 'CheckedOut'),
(932, 314, 'Available'),
(933, 314, 'Available'),
(934, 314, 'Available'),
(935, 314, 'Available'),
(936, 314, 'Available'),
(937, 315, 'Available'),
(938, 315, 'Available'),
(939, 315, 'Available'),
(940, 316, 'Available'),
(941, 316, 'Available'),
(942, 317, 'Available'),
(943, 318, 'Available'),
(944, 318, 'Available'),
(945, 318, 'Available'),
(946, 319, 'Available'),
(947, 319, 'Available'),
(948, 319, 'Available'),
(949, 319, 'Available'),
(950, 319, 'Available'),
(951, 320, 'Available'),
(952, 320, 'Available'),
(953, 321, 'Available'),
(954, 321, 'Available'),
(955, 321, 'Available'),
(956, 322, 'Available'),
(957, 322, 'Available'),
(958, 322, 'Available'),
(959, 322, 'Available'),
(960, 322, 'Available'),
(961, 323, 'Available'),
(962, 323, 'Available'),
(963, 324, 'Available'),
(964, 324, 'Available'),
(965, 324, 'Available'),
(966, 324, 'Available'),
(967, 325, 'Available'),
(968, 325, 'Available'),
(969, 325, 'Available'),
(970, 326, 'Available'),
(971, 326, 'Available'),
(972, 326, 'Available'),
(973, 327, 'Available'),
(974, 327, 'Available'),
(975, 327, 'Available'),
(976, 327, 'Available'),
(977, 327, 'Available'),
(978, 328, 'Available'),
(979, 329, 'Available'),
(980, 330, 'Available'),
(981, 330, 'Available'),
(982, 330, 'Available'),
(983, 331, 'CheckedOut'),
(984, 331, 'CheckedOut'),
(985, 332, 'Available'),
(986, 332, 'Available'),
(987, 333, 'Available'),
(988, 333, 'Available'),
(989, 333, 'Available'),
(990, 333, 'Available'),
(991, 333, 'Available'),
(992, 334, 'Available'),
(993, 334, 'Available'),
(994, 334, 'Available'),
(995, 334, 'Available'),
(996, 334, 'Available'),
(997, 335, 'Available'),
(998, 336, 'Available'),
(999, 336, 'Available'),
(1000, 337, 'Available'),
(1001, 337, 'Available'),
(1002, 338, 'Available'),
(1003, 338, 'Available'),
(1004, 339, 'Available'),
(1005, 339, 'Available'),
(1006, 340, 'Available'),
(1007, 340, 'Available'),
(1008, 340, 'Available'),
(1009, 340, 'Available'),
(1010, 340, 'Available'),
(1011, 341, 'Available'),
(1012, 341, 'Available'),
(1013, 341, 'Available'),
(1014, 342, 'Available'),
(1015, 342, 'Available'),
(1016, 343, 'Available'),
(1017, 343, 'Available'),
(1018, 343, 'Available'),
(1019, 344, 'Available'),
(1020, 345, 'Available'),
(1021, 346, 'Available'),
(1022, 346, 'Available'),
(1023, 346, 'Available'),
(1024, 346, 'Available'),
(1025, 347, 'Available'),
(1026, 348, 'Available'),
(1027, 348, 'Available'),
(1028, 348, 'Available'),
(1029, 348, 'Available'),
(1030, 349, 'Available'),
(1031, 350, 'Available'),
(1032, 350, 'Available'),
(1033, 350, 'Available'),
(1034, 351, 'Available'),
(1035, 351, 'Available'),
(1036, 351, 'Available'),
(1037, 352, 'Available'),
(1038, 352, 'Available'),
(1039, 352, 'Available'),
(1040, 353, 'Available'),
(1041, 353, 'Available'),
(1042, 354, 'Available'),
(1043, 354, 'Available'),
(1044, 355, 'Available'),
(1045, 355, 'Available'),
(1046, 355, 'Available'),
(1047, 356, 'Available'),
(1048, 356, 'Available'),
(1049, 357, 'Available'),
(1050, 357, 'Available'),
(1051, 357, 'Available'),
(1052, 357, 'Available'),
(1053, 358, 'Available'),
(1054, 358, 'Available'),
(1055, 359, 'CheckedOut'),
(1056, 359, 'CheckedOut'),
(1057, 359, 'Available'),
(1058, 359, 'Available'),
(1059, 359, 'Available'),
(1060, 360, 'Available'),
(1061, 360, 'Available'),
(1062, 360, 'Available'),
(1063, 360, 'Available'),
(1064, 360, 'Available'),
(1065, 361, 'Available'),
(1066, 362, 'Available'),
(1067, 362, 'Available'),
(1068, 363, 'Available'),
(1069, 363, 'Available'),
(1070, 363, 'Available'),
(1071, 364, 'Available'),
(1072, 364, 'Available'),
(1073, 365, 'CheckedOut'),
(1074, 365, 'Available'),
(1075, 365, 'Available'),
(1076, 365, 'Available'),
(1077, 366, 'Available'),
(1078, 366, 'Available'),
(1079, 367, 'Available'),
(1080, 367, 'Available'),
(1081, 367, 'Available'),
(1082, 367, 'Available'),
(1083, 367, 'Available'),
(1084, 368, 'Available'),
(1085, 368, 'Available'),
(1086, 368, 'Available'),
(1087, 368, 'Available'),
(1088, 369, 'CheckedOut'),
(1089, 369, 'CheckedOut'),
(1090, 369, 'Available'),
(1091, 369, 'Available'),
(1092, 369, 'Available'),
(1093, 370, 'Available'),
(1094, 370, 'Available'),
(1095, 371, 'Available'),
(1096, 371, 'Available'),
(1097, 372, 'Available'),
(1098, 372, 'Available'),
(1099, 372, 'Available'),
(1100, 372, 'Available'),
(1101, 373, 'Available'),
(1102, 373, 'Available'),
(1103, 373, 'Available'),
(1104, 374, 'Available'),
(1105, 374, 'Available'),
(1106, 375, 'Available'),
(1107, 376, 'Available'),
(1108, 376, 'Available'),
(1109, 377, 'Available'),
(1110, 377, 'Available'),
(1111, 377, 'CheckedOut'),
(1112, 377, 'Available'),
(1113, 378, 'Available'),
(1114, 378, 'CheckedOut'),
(1115, 378, 'Available'),
(1116, 378, 'Available'),
(1117, 378, 'Available'),
(1118, 379, 'Available'),
(1119, 379, 'Available'),
(1120, 379, 'Available'),
(1121, 380, 'Available'),
(1122, 380, 'Available'),
(1123, 381, 'Available'),
(1124, 381, 'Available'),
(1125, 382, 'Available'),
(1126, 382, 'Available'),
(1127, 382, 'Available'),
(1128, 382, 'Available'),
(1129, 383, 'Available'),
(1130, 383, 'Available'),
(1131, 383, 'CheckedOut'),
(1132, 384, 'Available'),
(1133, 384, 'Available'),
(1134, 384, 'Available'),
(1135, 384, 'Available'),
(1136, 384, 'Available'),
(1137, 385, 'Available'),
(1138, 386, 'Available'),
(1139, 386, 'CheckedOut'),
(1140, 386, 'Available'),
(1141, 386, 'Available'),
(1142, 386, 'Available'),
(1143, 387, 'Available'),
(1144, 387, 'Available'),
(1145, 387, 'Available'),
(1146, 388, 'Available'),
(1147, 388, 'Available'),
(1148, 389, 'Available'),
(1149, 389, 'Available'),
(1150, 389, 'Available'),
(1151, 389, 'Available'),
(1152, 389, 'Available'),
(1153, 390, 'Available'),
(1154, 390, 'Available'),
(1155, 390, 'Available'),
(1156, 391, 'Available'),
(1157, 391, 'Available'),
(1158, 391, 'Available'),
(1159, 391, 'Available'),
(1160, 392, 'Available'),
(1161, 392, 'Available'),
(1162, 392, 'Available'),
(1163, 392, 'Available'),
(1164, 393, 'Available'),
(1165, 393, 'Available'),
(1166, 393, 'Available'),
(1167, 393, 'Available'),
(1168, 394, 'Available'),
(1169, 395, 'Available'),
(1170, 395, 'Available'),
(1171, 396, 'Available'),
(1172, 396, 'CheckedOut'),
(1173, 396, 'Available'),
(1174, 396, 'Available'),
(1175, 396, 'Available'),
(1176, 397, 'Available'),
(1177, 398, 'Available'),
(1178, 399, 'Available'),
(1179, 400, 'Available'),
(1180, 400, 'Available'),
(1181, 401, 'CheckedOut'),
(1182, 402, 'Available'),
(1183, 402, 'Available'),
(1184, 402, 'Available'),
(1185, 403, 'Available'),
(1186, 403, 'CheckedOut'),
(1187, 403, 'Available'),
(1188, 404, 'Available'),
(1189, 405, 'Available'),
(1190, 405, 'Available'),
(1191, 406, 'Available'),
(1192, 406, 'Available'),
(1193, 406, 'Available'),
(1194, 407, 'Available'),
(1195, 407, 'Available'),
(1196, 407, 'Available'),
(1197, 407, 'Available'),
(1198, 407, 'Available'),
(1199, 408, 'Available'),
(1200, 408, 'Available'),
(1201, 409, 'Available'),
(1202, 410, 'Available'),
(1203, 410, 'Available'),
(1204, 410, 'Available'),
(1205, 411, 'Available'),
(1206, 411, 'Available'),
(1207, 411, 'Available'),
(1208, 411, 'Available'),
(1209, 412, 'Available'),
(1210, 412, 'Available'),
(1211, 412, 'Available'),
(1212, 412, 'Available'),
(1213, 413, 'Available'),
(1214, 413, 'Available'),
(1215, 413, 'Available'),
(1216, 413, 'CheckedOut'),
(1217, 413, 'Available'),
(1218, 414, 'Available'),
(1219, 414, 'Available'),
(1220, 414, 'Available'),
(1221, 415, 'Available'),
(1222, 416, 'Available'),
(1223, 416, 'Available'),
(1224, 416, 'Available'),
(1225, 416, 'Available'),
(1226, 417, 'Available'),
(1227, 417, 'Available'),
(1228, 417, 'Available'),
(1229, 417, 'Available'),
(1230, 417, 'Available'),
(1231, 418, 'Available'),
(1232, 419, 'Available'),
(1233, 419, 'Available'),
(1234, 420, 'Available'),
(1235, 420, 'Available'),
(1236, 420, 'Available'),
(1237, 421, 'CheckedOut'),
(1238, 421, 'Available'),
(1239, 421, 'CheckedOut'),
(1240, 421, 'Available'),
(1241, 422, 'Available'),
(1242, 422, 'Available'),
(1243, 422, 'Available'),
(1244, 423, 'Available'),
(1245, 423, 'Available'),
(1246, 423, 'Available'),
(1247, 424, 'Available'),
(1248, 425, 'Available'),
(1249, 426, 'Available'),
(1250, 426, 'Available'),
(1251, 426, 'Available'),
(1252, 427, 'Available'),
(1253, 427, 'Available'),
(1254, 428, 'Available'),
(1255, 428, 'Available'),
(1256, 428, 'Available'),
(1257, 428, 'Available'),
(1258, 428, 'Available'),
(1259, 429, 'Available'),
(1260, 429, 'Available'),
(1261, 430, 'Available'),
(1262, 431, 'Available'),
(1263, 431, 'Available'),
(1264, 431, 'Available'),
(1265, 431, 'Available'),
(1266, 431, 'Available'),
(1267, 432, 'Available'),
(1268, 432, 'Available'),
(1269, 432, 'CheckedOut'),
(1270, 432, 'Available'),
(1271, 432, 'Available'),
(1272, 433, 'CheckedOut'),
(1273, 433, 'Available'),
(1274, 433, 'Available'),
(1275, 433, 'Available'),
(1276, 434, 'Available'),
(1277, 434, 'CheckedOut'),
(1278, 434, 'Available'),
(1279, 434, 'Available'),
(1280, 434, 'Available'),
(1281, 435, 'Available'),
(1282, 435, 'Available'),
(1283, 435, 'Available'),
(1284, 435, 'Available'),
(1285, 435, 'Available'),
(1286, 436, 'Available'),
(1287, 436, 'Available'),
(1288, 437, 'Available'),
(1289, 437, 'Available'),
(1290, 437, 'Available'),
(1291, 437, 'Available'),
(1292, 437, 'Available'),
(1293, 438, 'Available'),
(1294, 438, 'Available'),
(1295, 438, 'Available'),
(1296, 438, 'Available'),
(1297, 438, 'Available'),
(1298, 439, 'Available'),
(1299, 439, 'Available'),
(1300, 439, 'Available'),
(1301, 440, 'Available'),
(1302, 440, 'Available'),
(1303, 440, 'Available'),
(1304, 440, 'Available'),
(1305, 441, 'Available'),
(1306, 441, 'Available'),
(1307, 441, 'Available'),
(1308, 441, 'Available'),
(1309, 441, 'Available'),
(1310, 442, 'Available'),
(1311, 442, 'Available'),
(1312, 442, 'Available'),
(1313, 442, 'Available'),
(1314, 442, 'Available'),
(1315, 443, 'Available'),
(1316, 443, 'Available'),
(1317, 443, 'Available'),
(1318, 443, 'Available'),
(1319, 443, 'Available'),
(1320, 444, 'Available'),
(1321, 444, 'Available'),
(1322, 444, 'Available'),
(1323, 444, 'Available'),
(1324, 444, 'Available'),
(1325, 445, 'Available'),
(1326, 445, 'Available'),
(1327, 445, 'Available'),
(1328, 445, 'Available'),
(1329, 445, 'Available'),
(1330, 446, 'Available'),
(1331, 446, 'Available'),
(1332, 447, 'Available'),
(1333, 447, 'Available'),
(1334, 447, 'Available'),
(1335, 447, 'Available'),
(1336, 447, 'Available'),
(1337, 448, 'Available'),
(1338, 448, 'Available'),
(1339, 448, 'Available'),
(1340, 448, 'CheckedOut'),
(1341, 449, 'Available'),
(1342, 449, 'CheckedOut'),
(1343, 449, 'CheckedOut'),
(1344, 449, 'Available'),
(1345, 449, 'Available'),
(1346, 450, 'Available'),
(1347, 451, 'Available'),
(1348, 452, 'Available'),
(1349, 452, 'Available'),
(1350, 452, 'Available'),
(1351, 452, 'Available'),
(1352, 452, 'Available'),
(1353, 453, 'Available'),
(1354, 453, 'Available'),
(1355, 453, 'Available'),
(1356, 453, 'Available'),
(1357, 453, 'Available'),
(1358, 454, 'Available'),
(1359, 455, 'CheckedOut'),
(1360, 455, 'CheckedOut'),
(1361, 455, 'Available'),
(1362, 455, 'Available'),
(1363, 455, 'Available'),
(1364, 456, 'Available'),
(1365, 456, 'Available'),
(1366, 456, 'Available'),
(1367, 456, 'Available'),
(1368, 457, 'Available'),
(1369, 457, 'Available'),
(1370, 457, 'Available'),
(1371, 457, 'Available'),
(1372, 457, 'Available'),
(1373, 458, 'Available'),
(1374, 458, 'Available'),
(1375, 458, 'Available'),
(1376, 459, 'Available'),
(1377, 459, 'Available'),
(1378, 459, 'Available'),
(1379, 459, 'Available'),
(1380, 460, 'Available'),
(1381, 461, 'Available'),
(1382, 461, 'Available'),
(1383, 461, 'Available'),
(1384, 461, 'Available'),
(1385, 462, 'Available'),
(1386, 463, 'CheckedOut'),
(1387, 464, 'Available'),
(1388, 464, 'Available'),
(1389, 464, 'Available'),
(1390, 464, 'Available'),
(1391, 464, 'Available'),
(1392, 465, 'Available'),
(1393, 465, 'Available'),
(1394, 465, 'Available'),
(1395, 465, 'Available'),
(1396, 466, 'CheckedOut'),
(1397, 467, 'Available'),
(1398, 467, 'Available'),
(1399, 468, 'Available'),
(1400, 468, 'Available'),
(1401, 468, 'Available'),
(1402, 469, 'Available'),
(1403, 470, 'Available'),
(1404, 470, 'Available'),
(1405, 471, 'Available'),
(1406, 471, 'Available'),
(1407, 471, 'Available'),
(1408, 472, 'Available'),
(1409, 472, 'Available'),
(1410, 472, 'CheckedOut'),
(1411, 472, 'Available'),
(1412, 472, 'Available'),
(1413, 473, 'Available'),
(1414, 473, 'Available'),
(1415, 473, 'Available'),
(1416, 473, 'Available'),
(1417, 474, 'Available'),
(1418, 474, 'Available'),
(1419, 475, 'CheckedOut'),
(1420, 476, 'Available'),
(1421, 476, 'Available'),
(1422, 477, 'Available'),
(1423, 477, 'Available'),
(1424, 477, 'Available'),
(1425, 478, 'Available'),
(1426, 479, 'Available'),
(1427, 479, 'Available'),
(1428, 479, 'Available'),
(1429, 479, 'Available'),
(1430, 480, 'Available'),
(1431, 480, 'Available'),
(1432, 480, 'Available'),
(1433, 480, 'Available'),
(1434, 480, 'Available'),
(1435, 481, 'Available'),
(1436, 481, 'Available'),
(1437, 481, 'CheckedOut'),
(1438, 481, 'CheckedOut'),
(1439, 481, 'Available'),
(1440, 482, 'Available'),
(1441, 482, 'Available'),
(1442, 482, 'Available'),
(1443, 482, 'Available'),
(1444, 482, 'Available'),
(1445, 483, 'Available'),
(1446, 484, 'Available'),
(1447, 484, 'Available'),
(1448, 484, 'Available'),
(1449, 484, 'Available'),
(1450, 485, 'Available'),
(1451, 485, 'Available'),
(1452, 485, 'Available'),
(1453, 486, 'Available'),
(1454, 486, 'Available'),
(1455, 486, 'Available'),
(1456, 486, 'Available'),
(1457, 487, 'Available'),
(1458, 487, 'Available'),
(1459, 487, 'Available'),
(1460, 487, 'Available'),
(1461, 488, 'Available'),
(1462, 488, 'Available'),
(1463, 488, 'Available'),
(1464, 489, 'Available'),
(1465, 489, 'Available'),
(1466, 490, 'CheckedOut'),
(1467, 491, 'Available'),
(1468, 491, 'Available'),
(1469, 491, 'Available'),
(1470, 491, 'Available'),
(1471, 491, 'Available'),
(1472, 492, 'Available'),
(1473, 492, 'Available'),
(1474, 492, 'Available'),
(1475, 492, 'Available'),
(1476, 492, 'Available'),
(1477, 493, 'Available'),
(1478, 493, 'Available'),
(1479, 494, 'Available'),
(1480, 495, 'Available'),
(1481, 495, 'Available'),
(1482, 495, 'Available'),
(1483, 496, 'CheckedOut'),
(1484, 497, 'Available'),
(1485, 497, 'Available'),
(1486, 497, 'Available'),
(1487, 497, 'Available'),
(1488, 498, 'Available'),
(1489, 498, 'Available'),
(1490, 498, 'Available'),
(1491, 498, 'Available'),
(1492, 499, 'Available'),
(1493, 499, 'Available'),
(1494, 499, 'Available'),
(1495, 500, 'Available'),
(1496, 500, 'Available'),
(1497, 500, 'Available'),
(1498, 500, 'Available');

INSERT INTO Book(Item_ID, Quantity_Available) VALUES
(1, 4),
(2, 2),
(3, 3),
(4, 1),
(5, 4),
(6, 4),
(7, 0),
(8, 4),
(9, 1),
(10, 5),
(11, 2),
(12, 3),
(13, 5),
(14, 3),
(15, 5),
(16, 4),
(17, 3),
(18, 2),
(19, 2),
(20, 3),
(21, 4),
(22, 5),
(23, 1),
(24, 2),
(25, 5),
(26, 1),
(27, 3),
(28, 2),
(29, 1),
(30, 3),
(31, 5),
(32, 4),
(33, 2),
(34, 3),
(35, 3),
(36, 4),
(37, 2),
(38, 2),
(39, 3),
(40, 4),
(41, 2),
(42, 2),
(43, 2),
(44, 2),
(45, 3),
(46, 3),
(47, 1),
(48, 2),
(49, 2),
(50, 3),
(51, 2),
(52, 5),
(53, 3),
(54, 3),
(55, 1),
(56, 5),
(57, 2),
(58, 4),
(59, 1),
(60, 2),
(61, 4),
(62, 4),
(63, 3),
(64, 3),
(65, 4),
(66, 3),
(67, 1),
(68, 4),
(69, 4),
(70, 1),
(71, 1),
(72, 4),
(73, 1),
(74, 3),
(75, 4),
(76, 3),
(77, 3),
(78, 4),
(79, 4),
(80, 1),
(81, 3),
(82, 5),
(83, 0),
(84, 3),
(85, 4),
(86, 2),
(87, 5),
(88, 1),
(89, 1),
(90, 4),
(91, 1),
(92, 1),
(93, 3),
(94, 5),
(95, 1),
(96, 0),
(97, 2),
(98, 3),
(99, 3),
(100, 3),
(101, 3),
(102, 1),
(103, 5),
(104, 4),
(105, 1),
(106, 2),
(107, 5),
(108, 5),
(109, 1),
(110, 0),
(111, 2),
(112, 5),
(113, 3),
(114, 2),
(115, 4),
(116, 2),
(117, 4),
(118, 4),
(119, 4),
(120, 3),
(121, 4),
(122, 1),
(123, 0),
(124, 4),
(125, 3),
(126, 3),
(127, 4),
(128, 3),
(129, 3),
(130, 1),
(131, 5),
(132, 3),
(133, 3),
(134, 5),
(135, 0),
(136, 1),
(137, 2),
(138, 5),
(139, 3),
(140, 3),
(141, 2),
(142, 1),
(143, 2),
(144, 2),
(145, 3),
(146, 3),
(147, 5),
(148, 3),
(149, 2),
(150, 3),
(151, 1),
(152, 3),
(153, 2),
(154, 2),
(155, 3),
(156, 3),
(157, 2),
(158, 3),
(159, 4),
(160, 4),
(161, 3),
(162, 2),
(163, 4),
(164, 3),
(165, 3),
(166, 5),
(167, 2),
(168, 3),
(169, 1),
(170, 2),
(171, 2),
(172, 5),
(173, 4),
(174, 5),
(175, 4),
(176, 3),
(177, 5),
(178, 1),
(179, 2),
(180, 1),
(181, 2),
(182, 0),
(183, 2),
(184, 1),
(185, 2),
(186, 3),
(187, 1),
(188, 4),
(189, 1),
(190, 1),
(191, 5),
(192, 4),
(193, 5),
(194, 5),
(195, 1),
(196, 2),
(197, 1),
(198, 0),
(199, 2),
(200, 1),
(201, 3),
(202, 2),
(203, 3),
(204, 2),
(205, 1),
(206, 0),
(207, 4),
(208, 3),
(209, 5),
(210, 2),
(211, 3),
(212, 2),
(213, 3),
(214, 2),
(215, 2),
(216, 1),
(217, 1),
(218, 5),
(219, 3),
(220, 2),
(221, 3),
(222, 1),
(223, 2),
(224, 4),
(225, 3),
(226, 1),
(227, 5),
(228, 4),
(229, 5),
(230, 3),
(231, 1),
(232, 5),
(233, 2),
(234, 1),
(235, 4),
(236, 2),
(237, 3),
(238, 2),
(239, 4),
(240, 1),
(241, 5),
(242, 5),
(243, 2),
(244, 5),
(245, 5),
(246, 4),
(247, 4),
(248, 3),
(249, 2),
(250, 1),
(251, 4),
(252, 1),
(253, 4),
(254, 3),
(255, 1),
(256, 3),
(257, 1),
(258, 4),
(259, 5),
(260, 3),
(261, 4),
(262, 3),
(263, 1),
(264, 4),
(265, 3),
(266, 2),
(267, 5),
(268, 2),
(269, 3),
(270, 1),
(271, 1),
(272, 3),
(273, 5),
(274, 2),
(275, 2),
(276, 3),
(277, 1),
(278, 5),
(279, 4),
(280, 2),
(281, 5),
(282, 3),
(283, 5),
(284, 1),
(285, 1),
(286, 1),
(287, 2),
(288, 1),
(289, 5),
(290, 1),
(291, 4),
(292, 2),
(293, 4),
(294, 2),
(295, 5),
(296, 2),
(297, 5),
(298, 5),
(299, 1),
(300, 2),
(301, 5),
(302, 2),
(303, 1),
(304, 2),
(305, 4),
(306, 2),
(307, 5),
(308, 5),
(309, 5),
(310, 1),
(311, 1),
(312, 1),
(313, 3),
(314, 5),
(315, 3),
(316, 2),
(317, 1),
(318, 3),
(319, 5),
(320, 2),
(321, 3),
(322, 5),
(323, 2),
(324, 4),
(325, 3),
(326, 3),
(327, 5),
(328, 1),
(329, 1),
(330, 3),
(331, 0),
(332, 2),
(333, 5),
(334, 5),
(335, 1),
(336, 2),
(337, 2),
(338, 2),
(339, 2),
(340, 5),
(341, 3),
(342, 2),
(343, 3),
(344, 1),
(345, 1),
(346, 4),
(347, 1),
(348, 4),
(349, 1),
(350, 3),
(351, 3),
(352, 3),
(353, 2),
(354, 2),
(355, 3),
(356, 2),
(357, 4),
(358, 2),
(359, 3),
(360, 5),
(361, 1),
(362, 2),
(363, 3),
(364, 2),
(365, 3),
(366, 2),
(367, 5),
(368, 4),
(369, 3),
(370, 2),
(371, 2),
(372, 4),
(373, 3),
(374, 2),
(375, 1),
(376, 2),
(377, 3),
(378, 4),
(379, 3),
(380, 2),
(381, 2),
(382, 4),
(383, 2),
(384, 5),
(385, 1),
(386, 4),
(387, 3),
(388, 2),
(389, 5),
(390, 3),
(391, 4),
(392, 4),
(393, 4),
(394, 1),
(395, 2),
(396, 4),
(397, 1),
(398, 1),
(399, 1),
(400, 2);

INSERT INTO DigitalMedia(Item_ID, Medium, Quantity_Available) VALUES
(401, 'Blu-ray', 0),
(402, 'DVD', 3),
(403, 'DVD', 2),
(404, 'CD-ROM', 1),
(405, 'CD-ROM', 2),
(406, 'Audiobook', 3),
(407, 'Blu-ray', 5),
(408, 'Blu-ray', 2),
(409, 'Blu-ray', 1),
(410, 'Blu-ray', 3),
(411, 'DVD', 4),
(412, 'eBook', 4),
(413, 'CD-ROM', 4),
(414, 'CD-ROM', 3),
(415, 'CD-ROM', 1),
(416, 'Audiobook', 4),
(417, 'eBook', 5),
(418, 'DVD', 1),
(419, 'eBook', 2),
(420, 'eBook', 3),
(421, 'CD-ROM', 2),
(422, 'eBook', 3),
(423, 'DVD', 3),
(424, 'eBook', 1),
(425, 'Audiobook', 1),
(426, 'Blu-ray', 3),
(427, 'Audiobook', 2),
(428, 'Blu-ray', 5),
(429, 'Blu-ray', 2),
(430, 'DVD', 1),
(431, 'Blu-ray', 5),
(432, 'eBook', 4),
(433, 'DVD', 3),
(434, 'CD-ROM', 4),
(435, 'eBook', 5),
(436, 'Blu-ray', 2),
(437, 'DVD', 5),
(438, 'DVD', 5),
(439, 'eBook', 3),
(440, 'DVD', 4),
(441, 'Blu-ray', 5),
(442, 'Blu-ray', 5),
(443, 'CD-ROM', 5),
(444, 'Audiobook', 5),
(445, 'eBook', 5),
(446, 'Blu-ray', 2),
(447, 'DVD', 5),
(448, 'CD-ROM', 3),
(449, 'DVD', 3),
(450, 'eBook', 1),
(451, 'Audiobook', 1),
(452, 'DVD', 5),
(453, 'Audiobook', 5),
(454, 'Audiobook', 1),
(455, 'Blu-ray', 3),
(456, 'DVD', 4),
(457, 'Blu-ray', 5),
(458, 'CD-ROM', 3),
(459, 'DVD', 4),
(460, 'eBook', 1),
(461, 'Audiobook', 4),
(462, 'eBook', 1),
(463, 'eBook', 0),
(464, 'eBook', 5),
(465, 'Audiobook', 4),
(466, 'DVD', 0),
(467, 'Blu-ray', 2),
(468, 'Blu-ray', 3),
(469, 'Blu-ray', 1),
(470, 'Blu-ray', 2),
(471, 'Blu-ray', 3),
(472, 'eBook', 4),
(473, 'DVD', 4),
(474, 'eBook', 2),
(475, 'CD-ROM', 0),
(476, 'Audiobook', 2),
(477, 'eBook', 3),
(478, 'DVD', 1),
(479, 'eBook', 4),
(480, 'eBook', 5),
(481, 'eBook', 3),
(482, 'Audiobook', 5),
(483, 'CD-ROM', 1),
(484, 'Audiobook', 4),
(485, 'DVD', 3),
(486, 'Blu-ray', 4),
(487, 'DVD', 4),
(488, 'eBook', 3),
(489, 'eBook', 2),
(490, 'CD-ROM', 0),
(491, 'DVD', 5),
(492, 'Audiobook', 5),
(493, 'Blu-ray', 2),
(494, 'Audiobook', 1),
(495, 'DVD', 3),
(496, 'Audiobook', 0),
(497, 'eBook', 4),
(498, 'Audiobook', 4),
(499, 'Audiobook', 3),
(500, 'Blu-ray', 4);

INSERT INTO Hold(Hold_ID, User_ID, Copy_ID, Hold_Date, Expiration_Date, Status) VALUES
(1, 4, 137, '2025-04-15', '2025-04-29', 'Fulfilled'),
(2, 47, 20, '2025-04-02', '2025-04-16', 'Active'),
(3, 31, 349, '2025-03-29', '2025-04-12', 'Fulfilled'),
(4, 1, 339, '2025-04-11', '2025-04-25', 'Active'),
(5, 5, 296, '2025-03-28', '2025-04-11', 'Active'),
(6, 53, 688, '2025-03-20', '2025-04-03', 'Fulfilled'),
(7, 48, 339, '2025-03-24', '2025-04-07', 'Active'),
(8, 61, 382, '2025-03-26', '2025-04-09', 'Active'),
(9, 3, 497, '2025-04-08', '2025-04-22', 'Fulfilled'),
(10, 16, 423, '2025-04-04', '2025-04-18', 'Active'),
(11, 4, 223, '2025-03-22', '2025-04-05', 'Fulfilled'),
(12, 1, 1377, '2025-03-18', '2025-04-01', 'Fulfilled'),
(13, 56, 559, '2025-04-13', '2025-04-27', 'Active'),
(14, 63, 598, '2025-04-08', '2025-04-22', 'Active'),
(15, 21, 615, '2025-04-03', '2025-04-17', 'Active'),
(16, 66, 541, '2025-04-12', '2025-04-26', 'Fulfilled'),
(17, 66, 1181, '2025-04-05', '2025-04-19', 'Active'),
(18, 3, 1386, '2025-03-21', '2025-04-04', 'Active'),
(19, 61, 539, '2025-04-09', '2025-04-23', 'Fulfilled'),
(20, 31, 136, '2025-04-08', '2025-04-22', 'Active'),
(21, 53, 1108, '2025-04-02', '2025-04-16', 'Fulfilled'),
(22, 14, 1396, '2025-04-07', '2025-04-21', 'Active'),
(23, 36, 1419, '2025-04-12', '2025-04-26', 'Active'),
(24, 63, 188, '2025-03-27', '2025-04-10', 'Fulfilled'),
(25, 3, 1483, '2025-04-09', '2025-04-23', 'Active'),
(26, 32, 702, '2025-04-12', '2025-04-26', 'Fulfilled'),
(27, 63, 1010, '2025-03-25', '2025-04-08', 'Fulfilled'),
(28, 61, 54, '2025-04-03', '2025-04-17', 'Fulfilled'),
(29, 13, 1450, '2025-04-08', '2025-04-22', 'Fulfilled'),
(30, 2, 419, '2025-04-01', '2025-04-15', 'Fulfilled');


INSERT INTO Transactions(Transaction_ID, Copy_ID, User_ID, Date_CheckOut, Due_Date, Num_Renewals, Return_Date) VALUES
(1, 1309, 1, '2025-03-23', '2025-04-06', 0, '2025-04-04'),
(2, 228, 2, '2025-01-15', '2025-01-29', 1, '2025-01-29'),
(3, 51, 3, '2025-01-04', '2025-01-18', 2, '2025-01-18'),
(4, 16, 4, '2025-04-05', '2025-05-06', 0, NULL),
(5, 501, 5, '2025-02-05', '2025-02-19', 1, '2025-02-17'),
(6, 457, 6, '2025-02-01', '2025-02-15', 2, '2025-02-13'),
(7, 285, 7, '2025-01-29', '2025-02-12', 0, '2025-02-12'),
(8, 209, 8, '2025-01-18', '2025-02-01', 1, '2025-01-30'),
(9, 1385, 9, '2025-04-05', '2025-04-19', 2, '2025-04-16'),
(10, 1116, 10, '2025-01-14', '2025-01-28', 0, '2025-01-27'),
(11, 178, 11, '2025-03-28', '2025-04-11', 1, '2025-04-08'),
(12, 1209, 12, '2025-04-05', '2025-04-19', 2, '2025-04-19'),
(13, 20, 13, '2025-04-25', '2025-05-05', 0, NULL),
(14, 36, 14, '2025-03-11', '2025-04-25', 2, NULL),
(15, 61, 15, '2025-01-12', '2025-01-26', 2, '2025-01-25'),
(16, 42, 16, '2025-04-17', '2025-05-05', 3, NULL),
(17, 43, 17, '2025-04-24', '2025-05-01', 1, NULL),
(18, 476, 18, '2025-01-05', '2025-01-19', 2, '2025-01-17'),
(19, 1034, 19, '2025-01-04', '2025-01-18', 0, '2025-01-19'),
(20, 1232, 20, '2025-01-12', '2025-01-26', 1, '2025-01-25'),
(21, 54, 21, '2025-01-28', '2025-02-11', 2, '2025-02-09'),
(22, 1149, 22, '2025-01-30', '2025-02-13', 0, '2025-02-12'),
(23, 56, 23, '2025-03-06', '2025-05-05', 1, NULL),
(24, 61, 24, '2025-03-19', '2025-05-05', 2, NULL),
(25, 1330, 25, '2025-01-04', '2025-01-18', 0, '2025-01-18'),
(26, 1436, 26, '2025-03-13', '2025-03-27', 1, '2025-03-25'),
(27, 1116, 27, '2025-01-26', '2025-02-09', 2, '2025-02-06'),
(28, 859, 28, '2025-04-02', '2025-04-16', 0, '2025-04-16'),
(29, 80, 28, '2025-03-25', '2025-04-16', 1, NULL),
(30, 919, 30, '2025-03-31', '2025-04-14', 2, '2025-04-12'),
(31, 1206, 31, '2025-03-11', '2025-03-25', 0, '2025-03-23'),
(32, 569, 32, '2025-02-23', '2025-03-09', 1, '2025-03-08'),
(33, 13, 33, '2025-01-29', '2025-02-12', 2, '2025-02-12'),
(34, 93, 34, '2025-02-27', '2025-03-29', 0, NULL),
(35, 1429, 35, '2025-03-17', '2025-03-31', 1, '2025-03-31'),
(36, 94, 1, '2025-04-05', '2025-05-01', 2, NULL),
(37, 107, 2, '2025-04-14', '2025-05-06', 0, NULL),
(38, 569, 3, '2025-04-22', '2025-05-06', 1, '2025-05-01'),
(39, 318, 4, '2025-01-01', '2025-01-15', 2, '2025-01-18'),
(40, 440, 5, '2025-04-08', '2025-04-22', 0, '2025-04-21'),
(41, 109, 6, '2025-04-14', '2025-03-30', 1, NULL),
(42, 209, 7, '2025-01-21', '2025-02-04', 2, '2025-02-01'),
(43, 189, 8, '2025-03-31', '2025-04-14', 0, '2025-04-13'),
(44, 778, 9, '2025-02-24', '2025-03-10', 1, '2025-03-08'),
(45, 121, 10, '2025-02-13', '2025-05-05', 2, NULL),
(46, 735, 11, '2025-02-05', '2025-02-19', 0, '2025-02-16'),
(47, 704, 12, '2025-01-20', '2025-02-03', 1, '2025-02-02'),
(48, 128, 13, '2025-01-28', '2025-05-05', 2, NULL),
(49, 541, 14, '2025-04-08', '2025-04-22', 0, '2025-04-21'),
(50, 129, 15, '2025-02-13', '2025-05-06', 1, NULL),
(51, 1494, 16, '2025-01-14', '2025-01-28', 2, '2025-01-31'),
(52, 146, 17, '2025-01-12', '2025-05-04', 0, NULL),
(53, 154, 18, '2025-02-18', '2025-03-27', 1, NULL),
(54, 255, 19, '2025-01-13', '2025-01-27', 2, '2025-01-31'),
(55, 775, 20, '2025-02-15', '2025-03-01', 0, '2025-02-26'),
(56, 161, 21, '2025-04-19', '2025-05-01', 1, '2025-05-01'),
(57, 1130, 22, '2025-02-14', '2025-02-28', 2, '2025-02-27'),
(58, 155, 23, '2025-03-19', '2025-05-02', 0, NULL),
(59, 1287, 24, '2025-02-03', '2025-02-17', 1, '2025-02-17'),
(60, 1266, 25, '2025-04-14', '2025-04-28', 2, '2025-04-26'),
(61, 740, 26, '2025-01-06', '2025-01-20', 0, '2025-01-20'),
(62, 1182, 27, '2025-04-04', '2025-04-18', 1, '2025-04-17'),
(63, 393, 28, '2025-02-28', '2025-03-14', 2, '2025-03-13'),
(64, 181, 29, '2025-03-10', '2025-05-01', 0, NULL),
(65, 142, 30, '2025-01-16', '2025-01-30', 1, '2025-01-30'),
(66, 93, 31, '2025-03-29', '2025-04-13', 2, '2025-04-13'),
(67, 1354, 32, '2025-02-18', '2025-03-04', 0, '2025-03-03'),
(68, 466, 33, '2025-01-11', '2025-01-25', 1, '2025-01-25'),
(69, 592, 34, '2025-03-12', '2025-03-26', 2, '2025-03-26'),
(70, 163, 35, '2025-02-07', '2025-02-21', 0, '2025-02-19'),
(71, 476, 1, '2025-04-17', '2025-05-01', 1, '2025-05-01'),
(72, 191, 2, '2025-03-22', '2025-05-05', 2, NULL),
(73, 778, 3, '2025-03-21', '2025-04-04', 0, '2025-04-03'),
(74, 1342, 4, '2025-04-24', '2025-05-08', 1, NULL),
(75, 1340, 5, '2025-04-21', '2025-05-05', 2, NULL),
(76, 1301, 6, '2025-02-16', '2025-03-02', 0, '2025-02-27'),
(77, 747, 7, '2025-03-15', '2025-03-29', 1, '2025-03-28'),
(78, 333, 8, '2025-01-25', '2025-02-08', 2, '2025-02-07'),
(79, 758, 9, '2025-04-01', '2025-04-15', 0, '2025-04-12'),
(80, 727, 10, '2025-01-09', '2025-05-02', 1, '2025-05-01'),
(81, 429, 11, '2025-01-06', '2025-01-20', 2, '2025-01-17'),
(82, 195, 12, '2025-03-26', '2025-03-26', 0, NULL),
(83, 546, 13, '2025-01-30', '2025-02-13', 1, '2025-02-12'),
(84, 229, 14, '2025-04-09', '2025-05-01', 2, NULL),
(85, 1399, 15, '2025-02-07', '2025-02-21', 0, '2025-02-21'),
(86, 1327, 16, '2025-01-11', '2025-01-25', 1, '2025-01-22'),
(87, 1340, 17, '2025-04-20', '2025-05-01', 2, NULL),
(88, 230, 18, '2025-01-30', '2025-05-04', 0, NULL),
(89, 1300, 19, '2025-04-21', '2025-05-05', 1, '2025-05-02'),
(90, 350, 20, '2025-01-13', '2025-01-27', 2, '2025-01-24'),
(91, 1093, 21, '2025-02-18', '2025-03-04', 0, '2025-03-04'),
(92, 1493, 22, '2025-02-05', '2025-02-19', 1, '2025-02-25'),
(93, 501, 23, '2025-02-28', '2025-03-14', 2, '2025-03-14'),
(94, 334, 24, '2025-03-23', '2025-04-06', 0, '2025-04-06'),
(95, 946, 25, '2025-04-17', '2025-05-01', 1, '2025-04-28'),
(96, 777, 26, '2025-02-16', '2025-03-02', 2, '2025-02-28'),
(97, 552, 27, '2025-01-21', '2025-02-04', 0, '2025-02-04'),
(98, 1310, 28, '2025-02-17', '2025-03-03', 1, '2025-03-02'),
(99, 246, 29, '2025-02-15', '2025-05-05', 2, NULL),
(100, 1140, 30, '2025-01-27', '2025-02-10', 0, '2025-02-09'),
(101, 449, 31, '2025-03-27', '2025-04-10', 1, '2025-04-07'),
(102, 261, 32, '2025-02-04', '2025-05-06', 2, NULL),
(103, 664, 33, '2025-03-31', '2025-04-14', 0, '2025-04-11'),
(104, 1277, 34, '2025-04-30', '2025-05-14', 1, NULL),
(105, 469, 35, '2025-03-29', '2025-04-12', 2, '2025-04-10'),
(106, 65, 1, '2025-03-24', '2025-04-07', 0, '2025-04-04'),
(107, 646, 2, '2025-01-10', '2025-01-24', 1, '2025-01-26'),
(108, 269, 3, '2025-03-19', '2025-05-01', 2, NULL),
(109, 270, 4, '2025-03-23', '2025-05-04', 0, NULL),
(110, 135, 5, '2025-01-22', '2025-02-05', 1, '2025-02-05'),
(111, 288, 6, '2025-03-10', '2025-05-06', 2, NULL),
(112, 296, 7, '2025-04-04', '2025-05-06', 0, NULL),
(113, 308, 8, '2025-02-01', '2025-05-05', 1, NULL),
(114, 644, 9, '2025-01-21', '2025-02-04', 2, '2025-02-04'),
(115, 318, 10, '2025-03-01', '2025-05-01', 0, NULL),
(116, 1342, 11, '2025-02-18', '2025-03-04', 1, '2025-03-03'),
(117, 324, 12, '2025-02-04', '2025-05-04', 2, NULL),
(118, 329, 13, '2025-04-29', '2025-05-04', 0, NULL),
(119, 1316, 14, '2025-03-23', '2025-04-06', 1, '2025-04-03'),
(120, 352, 15, '2025-03-30', '2025-05-04', 2, NULL),
(121, 292, 16, '2025-03-13', '2025-03-27', 0, '2025-03-26'),
(122, 542, 17, '2025-01-29', '2025-02-12', 1, '2025-02-09'),
(123, 285, 18, '2025-03-29', '2025-04-12', 2, '2025-04-12'),
(124, 505, 19, '2025-02-11', '2025-02-25', 0, '2025-02-24'),
(125, 1149, 20, '2025-04-18', '2025-05-02', 1, '2025-04-29'),
(126, 353, 21, '2025-04-09', '2025-05-01', 2, NULL),
(127, 538, 22, '2025-04-10', '2025-04-24', 0, '2025-04-21'),
(128, 1197, 23, '2025-01-08', '2025-01-22', 1, '2025-01-20'),
(129, 877, 24, '2025-01-30', '2025-02-13', 2, '2025-02-20'),
(130, 1195, 25, '2025-04-16', '2025-04-30', 0, '2025-04-27'),
(131, 817, 26, '2025-01-05', '2025-01-19', 1, '2025-01-17'),
(132, 741, 27, '2025-04-14', '2025-04-28', 2, '2025-04-25'),
(133, 449, 28, '2025-02-10', '2025-02-24', 0, '2025-02-21'),
(134, 283, 29, '2025-02-21', '2025-03-07', 1, '2025-03-06'),
(135, 1043, 30, '2025-02-04', '2025-02-18', 2, '2025-02-17'),
(136, 373, 31, '2025-01-09', '2025-05-03', 0, NULL),
(137, 383, 32, '2025-01-28', '2025-05-06', 1, NULL),
(138, 365, 33, '2025-04-27', '2025-05-01', 2, NULL),
(139, 382, 34, '2025-05-01', '2025-05-05', 0, NULL),
(140, 313, 35, '2025-03-14', '2025-03-28', 1, '2025-03-28'),
(141, 384, 1, '2025-04-23', '2025-03-27', 2, NULL),
(142, 327, 2, '2025-04-02', '2025-04-16', 0, '2025-04-16'),
(143, 1393, 3, '2025-02-10', '2025-04-01', 1, '2025-03-30'),
(144, 864, 4, '2025-01-28', '2025-02-11', 2, '2025-02-16'),
(145, 1221, 5, '2025-03-25', '2025-04-08', 0, '2025-04-12'),
(146, 130, 6, '2025-03-05', '2025-03-19', 1, '2025-03-18'),
(147, 788, 7, '2025-02-20', '2025-03-06', 2, '2025-03-06'),
(148, 781, 8, '2025-04-24', '2025-05-08', 0, '2025-05-08'),
(149, 405, 9, '2025-04-28', '2025-03-30', 1, NULL),
(150, 958, 10, '2025-03-24', '2025-04-07', 2, '2025-04-07'),
(151, 423, 11, '2025-02-28', '2025-03-31', 0, NULL),
(152, 514, 12, '2025-01-19', '2025-02-02', 1, '2025-02-01'),
(153, 1133, 13, '2025-02-03', '2025-02-17', 2, '2025-02-14'),
(154, 23, 14, '2025-01-18', '2025-02-01', 0, '2025-02-02'),
(155, 1393, 15, '2025-02-01', '2025-02-15', 1, '2025-02-19'),
(156, 1476, 16, '2025-04-06', '2025-04-20', 2, '2025-04-20'),
(157, 234, 17, '2025-03-13', '2025-03-27', 0, '2025-03-27'),
(158, 1396, 18, '2025-03-10', '2025-03-24', 1, '2025-03-21'),
(159, 1099, 19, '2025-02-03', '2025-02-17', 2, '2025-02-15'),
(160, 546, 20, '2025-04-06', '2025-04-20', 0, '2025-04-18'),
(161, 1312, 21, '2025-03-16', '2025-03-30', 1, '2025-03-29'),
(162, 438, 22, '2025-02-24', '2025-05-06', 2, NULL),
(163, 1272, 23, '2025-04-25', '2025-05-09', 0, NULL),
(164, 601, 24, '2025-03-16', '2025-03-30', 1, '2025-03-28'),
(165, 890, 25, '2025-02-21', '2025-03-07', 2, '2025-03-06'),
(166, 323, 26, '2025-02-16', '2025-03-02', 0, '2025-02-28'),
(167, 439, 27, '2025-01-29', '2025-05-04', 1, NULL),
(168, 6, 28, '2025-01-18', '2025-02-01', 2, '2025-01-31'),
(169, 1478, 29, '2025-03-07', '2025-03-21', 0, '2025-03-19'),
(170, 1473, 30, '2025-03-05', '2025-03-19', 1, '2025-03-16'),
(171, 539, 31, '2025-01-12', '2025-01-26', 2, '2025-01-24'),
(172, 1025, 32, '2025-04-07', '2025-04-21', 0, '2025-04-21'),
(173, 464, 33, '2025-01-07', '2025-05-01', 1, NULL),
(174, 1039, 34, '2025-04-21', '2025-05-05', 2, '2025-05-02'),
(175, 471, 35, '2025-01-15', '2025-05-05', 0, NULL),
(176, 1280, 1, '2025-01-20', '2025-02-03', 1, '2025-02-08'),
(177, 472, 2, '2025-03-22', '2025-05-05', 2, NULL),
(178, 1308, 3, '2025-01-21', '2025-02-04', 0, '2025-02-04'),
(179, 1039, 4, '2025-04-12', '2025-04-26', 1, '2025-04-25'),
(180, 1247, 5, '2025-03-29', '2025-04-12', 2, '2025-04-10'),
(181, 407, 6, '2025-02-24', '2025-03-10', 0, '2025-03-09'),
(182, 482, 7, '2025-03-18', '2025-05-03', 1, NULL),
(183, 765, 8, '2025-01-09', '2025-01-23', 2, '2025-01-23'),
(184, 559, 9, '2025-02-19', '2025-05-10', 4, NULL),
(185, 1104, 10, '2025-02-18', '2025-03-04', 1, '2025-03-08'),
(186, 598, 11, '2025-03-18', '2025-05-01', 2, NULL),
(187, 599, 12, '2025-03-01', '2025-05-06', 0, NULL),
(188, 1226, 13, '2025-03-09', '2025-03-23', 1, '2025-03-20'),
(189, 663, 14, '2025-02-02', '2025-02-16', 2, '2025-02-14'),
(190, 609, 15, '2025-03-12', '2025-05-05', 0, NULL),
(191, 615, 16, '2025-04-21', '2025-05-05', 1, NULL),
(192, 229, 17, '2025-04-01', '2025-4-15', 2, '2025-04-14'),
(193, 743, 18, '2025-01-02', '2025-01-16', 0, '2025-01-14'),
(194, 616, 19, '2025-03-29', '2025-03-31', 1, NULL),
(195, 622, 20, '2025-04-03', '2025-05-03', 2, NULL),
(196, 118, 21, '2025-01-15', '2025-01-29', 0, '2025-01-27'),
(197, 493, 22, '2025-03-29', '2025-04-12', 1, '2025-04-12'),
(198, 1269, 23, '2025-04-24', '2025-05-08', 2, NULL),
(199, 161, 24, '2025-03-10', '2025-03-24', 0, '2025-03-23'),
(200, 175, 25, '2025-04-07', '2025-04-21', 1, '2025-04-24'),
(201, 995, 26, '2025-02-04', '2025-02-18', 2, '2025-02-16'),
(202, 141, 27, '2025-04-09', '2025-04-23', 0, '2025-04-23'),
(203, 1090, 28, '2025-03-24', '2025-04-07', 1, '2025-04-06'),
(204, 257, 29, '2025-02-13', '2025-02-27', 2, '2025-02-25'),
(205, 262, 30, '2025-01-15', '2025-01-29', 0, '2025-01-28'),
(206, 623, 31, '2025-02-07', '2025-05-06', 1, NULL),
(207, 973, 32, '2025-02-25', '2025-03-11', 2, '2025-03-17'),
(208, 1125, 33, '2025-01-21', '2025-02-04', 0, '2025-02-02'),
(209, 338, 34, '2025-02-28', '2025-03-14', 1, '2025-03-11'),
(210, 542, 35, '2025-01-01', '2025-01-15', 2, '2025-01-13'),
(211, 1080, 1, '2025-04-03', '2025-04-17', 0, '2025-04-17'),
(212, 1239, 2, '2025-04-23', '2025-05-07', 1, NULL),
(213, 866, 3, '2025-04-03', '2025-04-17', 2, '2025-04-14'),
(214, 433, 4, '2025-02-03', '2025-02-17', 0, '2025-02-15'),
(215, 660, 5, '2025-03-06', '2025-05-05', 1, NULL),
(216, 1494, 6, '2025-04-08', '2025-04-22', 2, '2025-04-22'),
(217, 754, 7, '2025-01-23', '2025-05-05', 0, NULL),
(218, 411, 8, '2025-03-06', '2025-03-20', 1, '2025-03-19'),
(219, 1237, 9, '2025-04-27', '2025-05-11', 2, NULL),
(220, 638, 10, '2025-01-14', '2025-01-28', 0, '2025-01-27'),
(221, 817, 11, '2025-04-22', '2025-05-06', 1, '2025-05-01'),
(222, 1375, 12, '2025-03-22', '2025-04-05', 2, '2025-04-02'),
(223, 1330, 13, '2025-02-08', '2025-02-22', 0, '2025-02-22'),
(224, 764, 14, '2025-04-18', '2025-05-02', 1, '2025-05-01'),
(225, 897, 15, '2025-03-23', '2025-04-06', 2, '2025-04-06'),
(226, 1059, 16, '2025-03-06', '2025-03-20', 0, '2025-03-19'),
(227, 924, 17, '2025-03-19', '2025-04-02', 1, '2025-04-07'),
(228, 247, 18, '2025-01-26', '2025-02-09', 2, '2025-02-09'),
(229, 507, 19, '2025-01-20', '2025-02-03', 0, '2025-02-01'),
(230, 853, 20, '2025-02-17', '2025-05-05', 1, NULL),
(231, 131, 21, '2025-04-08', '2025-04-22', 2, '2025-04-21'),
(232, 692, 22, '2025-01-21', '2025-02-04', 0, '2025-02-01'),
(233, 931, 23, '2025-03-11', '2025-05-04', 1, NULL),
(234, 1204, 24, '2025-04-10', '2025-04-24', 2, '2025-04-24'),
(235, 1216, 25, '2025-04-29', '2025-05-13', 0, NULL),
(236, 983, 26, '2025-03-09', '2025-03-27', 1, NULL),
(237, 984, 27, '2025-04-28', '2025-04-01', 2, NULL),
(238, 451, 28, '2025-01-01', '2025-01-15', 0, '2025-01-13'),
(239, 14, 29, '2025-03-18', '2025-04-01', 1, '2025-03-31'),
(240, 145, 30, '2025-02-11', '2025-02-25', 2, '2025-02-24'),
(241, 1449, 31, '2025-03-04', '2025-03-18', 0, '2025-03-18'),
(242, 1292, 32, '2025-01-03', '2025-01-17', 1, '2025-01-15'),
(243, 120, 33, '2025-01-15', '2025-01-29', 2, '2025-01-26'),
(244, 1186, 34, '2025-04-29', '2025-05-13', 0, NULL),
(245, 1483, 35, '2025-04-26', '2025-05-05', 1, NULL),
(246, 1466, 1, '2025-04-23', '2025-05-07', 2, NULL),
(247, 1438, 2, '2025-04-17', '2025-05-01', 0, NULL),
(248, 145, 3, '2025-04-14', '2025-04-28', 1, '2025-04-27'),
(249, 1052, 4, '2025-02-09', '2025-02-23', 2, '2025-02-20'),
(250, 487, 5, '2025-01-31', '2025-02-14', 0, '2025-02-14'),
(251, 570, 6, '2025-01-08', '2025-01-22', 1, '2025-01-21'),
(252, 1370, 7, '2025-01-31', '2025-02-14', 2, '2025-02-12'),
(253, 1437, 8, '2025-04-23', '2025-05-07', 0, NULL),
(254, 438, 9, '2025-03-14', '2025-03-28', 1, '2025-04-04'),
(255, 1104, 10, '2025-01-11', '2025-01-25', 2, '2025-01-31'),
(256, 270, 11, '2025-01-11', '2025-01-25', 0, '2025-01-24'),
(257, 1481, 12, '2025-04-04', '2025-04-18', 1, '2025-04-16'),
(258, 1169, 13, '2025-03-04', '2025-03-18', 2, '2025-03-17'),
(259, 1055, 14, '2025-04-15', '2025-05-06', 0, NULL),
(260, 968, 15, '2025-01-09', '2025-01-23', 1, '2025-01-23'),
(261, 497, 16, '2025-04-08', '2025-04-22', 2, '2025-04-19'),
(262, 968, 17, '2025-03-10', '2025-03-24', 0, '2025-03-24'),
(263, 833, 18, '2025-04-09', '2025-04-23', 1, '2025-04-20'),
(264, 389, 19, '2025-01-17', '2025-01-31', 2, '2025-01-30'),
(265, 193, 20, '2025-01-17', '2025-01-31', 0, '2025-01-30'),
(266, 198, 21, '2025-03-26', '2025-04-09', 1, '2025-04-06'),
(267, 1349, 22, '2025-03-02', '2025-03-16', 2, '2025-03-14'),
(268, 882, 23, '2025-03-12', '2025-03-26', 0, '2025-03-24'),
(269, 725, 24, '2025-01-22', '2025-02-05', 1, '2025-02-04'),
(270, 867, 25, '2025-02-03', '2025-02-17', 2, '2025-02-16'),
(271, 841, 26, '2025-03-09', '2025-03-23', 0, '2025-03-23'),
(272, 1181, 27, '2025-04-22', '2025-05-06', 1, NULL),
(273, 1493, 28, '2025-03-19', '2025-04-02', 2, '2025-03-30'),
(274, 1056, 29, '2025-02-24', '2025-05-04', 0, NULL),
(275, 1073, 30, '2025-01-28', '2025-05-04', 1, NULL),
(276, 1419, 31, '2025-04-29', '2025-05-13', 2, NULL),
(277, 1323, 32, '2025-03-11', '2025-03-25', 0, '2025-03-23'),
(278, 201, 33, '2025-04-07', '2025-04-21', 1, '2025-04-19'),
(279, 124, 34, '2025-04-04', '2025-04-18', 2, '2025-04-15'),
(280, 1088, 35, '2025-03-30', '2025-05-06', 0, NULL),
(281, 1491, 1, '2025-01-26', '2025-02-09', 1, '2025-02-07'),
(282, 694, 2, '2025-04-02', '2025-04-16', 2, '2025-04-17'),
(283, 223, 3, '2025-02-09', '2025-03-31', 0, '2025-03-31'),
(284, 509, 4, '2025-02-21', '2025-03-07', 1, '2025-03-05'),
(285, 392, 5, '2025-03-27', '2025-04-10', 2, '2025-04-09'),
(286, 1089, 6, '2025-03-25', '2025-05-05', 0, NULL),
(287, 1098, 7, '2025-02-17', '2025-03-03', 1, '2025-03-01'),
(288, 1111, 8, '2025-02-26', '2025-05-01', 2, NULL),
(289, 1410, 9, '2025-04-26', '2025-05-10', 0, NULL),
(290, 864, 10, '2025-03-08', '2025-03-22', 1, '2025-03-19'),
(291, 1396, 11, '2025-04-27', '2025-05-13', 2, NULL),
(292, 570, 12, '2025-01-16', '2025-01-30', 0, '2025-01-28'),
(293, 1386, 13, '2025-05-01', '2025-05-15', 1, NULL),
(294, 1360, 14, '2025-04-29', '2025-05-12', 2, NULL),
(295, 154, 15, '2025-01-09', '2025-01-23', 0, '2025-01-17'),
(296, 907, 16, '2025-02-13', '2025-03-29', 1, '2025-03-29'),
(297, 1359, 17, '2025-05-03', '2025-05-17', 2, NULL),
(298, 200, 18, '2025-03-17', '2025-03-31', 0, '2025-03-31'),
(299, 103, 19, '2025-03-12', '2025-03-26', 1, '2025-03-23'),
(300, 1335, 20, '2025-01-30', '2025-02-13', 2, '2025-02-13'),
(301, 1107, 21, '2025-03-17', '2025-03-31', 0, '2025-03-30'),
(302, 1114, 22, '2025-01-29', '2025-05-03', 1, NULL),
(303, 1131, 23, '2025-01-01', '2025-05-04', 2, NULL),
(304, 484, 24, '2025-01-10', '2025-01-24', 0, '2025-01-24'),
(305, 1343, 25, '2025-04-01', '2025-04-15', 1, NULL),
(306, 832, 26, '2025-03-22', '2025-04-05', 2, '2025-04-03'),
(307, 994, 27, '2025-01-08', '2025-01-22', 0, '2025-01-28'),
(308, 985, 28, '2025-01-30', '2025-02-13', 1, '2025-02-13'),
(309, 1139, 29, '2025-01-09', '2025-05-06', 2, NULL),
(310, 1172, 30, '2025-04-26', '2025-05-03', 0, NULL);

-- INSERT Amount
INSERT INTO Fine (Fine_ID, Transaction_ID, Copy_ID, User_ID, Amount)
VALUES
(1,14, 65, 14, 3.50),
(2,17, 447, 17, 0.50),
(3,19, 1034, 19, 0.50),
(4,29, 451, 28, 8.00),
(5,34, 326, 34, 17.00),
(6,36, 865, 1,0.50),
(7,39, 318, 4, 1.50),
(8,41, 689, 6, 16.50),
(9,51, 1494, 16, 1.50),
(10,53, 1098, 18, 18.00),
(11,54, 255, 19, 2.00),
(12,64, 1442, 29, 0.50),
(13,75, 928, 5, 18.50),
(14,82, 1372, 12, 18.50),
(15,84, 1437, 14, 0.50),
(16,87, 146, 17, 0.50),
(17,92, 1493, 22, 3.00),
(18,107, 646, 2, 1.00),
(19,108, 821, 3, 0.50),
(20,115, 435, 10, 0.50),
(21,126, 1103, 21, 0.50),
(22,129, 877, 24, 3.50),
(23,138, 96, 33, 0.50),
(24,141, 1285, 1, 18.00),
(25,144, 864, 4, 2.50),
(26,145, 1221, 5, 2.00),
(27,149, 1220, 9,16.50),
(28,151, 1083, 11,16.00),
(29,154, 23, 14,0.50),
(30,155, 1393, 15,2.00),
(31,176, 1280, 1,2.50),
(32,185, 1104, 10,2.00),
(33,186, 1086, 11, 0.50),
(34,194, 629, 19, 16.00),
(35,200, 175, 25,1.50),
(36,207, 973, 32, 3.00),
(37,227, 924, 17,2.50),
(38,236, 471, 26,18.00),
(39,237, 1205, 27,15.50),
(40,247, 676, 2,0.50),
(41,255, 1104, 10,3.00),
(42,282, 694, 2,0.50),
(43,288, 918, 8,0.50),
(44,307, 994, 27, 3.00);

INSERT INTO Computer_Activity (Computer_ID, User_ID, Login_Time, Logout_Time) VALUES
(3, 12, '2025-04-28 08:13:00', '2025-04-28 09:47:00'),
(7, 34, '2025-04-28 10:05:00', '2025-04-28 11:25:00'),
(1, 57, '2025-04-28 13:45:00', '2025-04-28 14:30:00'),
(9, 5, '2025-04-28 09:15:00', '2025-04-28 12:10:00'),
(2, 21, '2025-04-28 14:00:00', '2025-04-28 15:45:00'),
(6, 9, '2025-04-28 08:30:00', '2025-04-28 10:00:00'),
(10, 18, '2025-04-28 11:00:00', '2025-04-28 12:20:00'),
(4, 8, '2025-04-28 15:30:00', '2025-04-28 17:00:00'),
(5, 63, '2025-04-28 09:45:00', '2025-04-28 10:30:00'),
(8, 30, '2025-04-28 12:00:00', '2025-04-28 13:15:00'),
(3, 40, '2025-04-28 13:20:00', '2025-04-28 14:55:00'),
(1, 3, '2025-04-28 10:50:00', '2025-04-28 11:40:00'),
(7, 27, '2025-04-28 14:10:00', '2025-04-28 15:00:00'),
(6, 59, '2025-04-28 11:25:00', '2025-04-28 12:35:00'),
(9, 3, '2025-04-28 09:00:00', '2025-04-28 10:15:00');
